sectionId,family,ediDesignation,manualLabel,sourceId,sourceRevision,weightPerLength,nativeUnitSystem,A,Ix,Zx,Sx,rx,Iy,Zy,Sy,ry,J,T_F,d,ddet,bf,bfdet,tw,twdet,twdet_2,tf,tfdet,kdes,kdet,k1,T,WGi,WGo,Cw,Wno,Sw1,Qf,Qw,rts,ho,PA,PB,PC,PD
AISC-W-W10X100,W,W10X100,W10X100,AISC-SHAPES,16.0,100,US_CUSTOMARY,29.3,623,130,112,4.6,207,61,40,2.65,10.9,false,11.1,11.125,10.3,10.375,0.68,0.6875,0.375,1.12,1.125,1.62,1.8125,1,7.5,5.5,,5150,25.7,74.1,26.9,64.2,3.04,10,50.9,61.2,32.5,42.8
AISC-W-W10X112,W,W10X112,W10X112,AISC-SHAPES,16.0,112,US_CUSTOMARY,32.9,716,147,126,4.66,236,69.2,45.3,2.68,15.1,false,11.4,11.375,10.4,10.375,0.755,0.75,0.375,1.25,1.25,1.75,1.9375,1,7.5,5.5,,6020,26.4,85.8,30.6,73.5,3.08,10.2,51.6,62,33.2,43.6
AISC-W-W10X12,W,W10X12,W10X12,AISC-SHAPES,16.0,12,US_CUSTOMARY,3.54,53.8,12.6,10.9,3.9,2.18,1.74,1.1,0.785,0.0547,false,9.87,9.875,3.96,4,0.19,0.1875,0.125,0.21,0.1875,0.51,0.75,0.5625,8.375,2.25,,50.9,9.56,1.99,1.91,6.14,0.983,9.66,30.7,34.7,23.7,27.7
AISC-W-W10X15,W,W10X15,W10X15,AISC-SHAPES,16.0,15,US_CUSTOMARY,4.41,68.9,16,13.8,3.95,2.89,2.3,1.45,0.81,0.104,false,9.99,10,4,4,0.23,0.25,0.125,0.27,0.25,0.57,0.8125,0.5625,8.375,2.25,,68.3,9.73,2.63,2.48,7.83,1.01,9.72,31,35,24,28
AISC-W-W10X17,W,W10X17,W10X17,AISC-SHAPES,16.0,17,US_CUSTOMARY,4.99,81.9,18.7,16.2,4.05,3.56,2.8,1.78,0.845,0.156,false,10.1,10.125,4.01,4,0.24,0.25,0.125,0.33,0.3125,0.63,0.875,0.5625,8.375,2.25,,85.1,9.79,3.24,3.04,9.14,1.04,9.77,31.2,35.2,24.2,28.2
AISC-W-W10X19,W,W10X19,W10X19,AISC-SHAPES,16.0,19,US_CUSTOMARY,5.62,96.3,21.6,18.8,4.14,4.29,3.35,2.14,0.874,0.233,false,10.2,10.25,4.02,4,0.25,0.25,0.125,0.395,0.375,0.695,0.9375,0.625,8.375,2.25,,104,9.85,3.91,3.65,10.6,1.06,9.81,31.5,35.5,24.4,28.4
AISC-W-W10X22,W,W10X22,W10X22,AISC-SHAPES,16.0,22,US_CUSTOMARY,6.49,118,26,23.2,4.27,11.4,6.1,3.97,1.33,0.239,false,10.2,10.125,5.75,5.75,0.24,0.25,0.125,0.36,0.375,0.66,0.9375,0.625,8.25,2.75,,275,14.1,7.32,4.88,12.9,1.55,9.84,36.6,42.4,26.2,31.9
AISC-W-W10X26,W,W10X26,W10X26,AISC-SHAPES,16.0,26,US_CUSTOMARY,7.61,144,31.3,27.9,4.35,14.1,7.5,4.89,1.36,0.402,false,10.3,10.375,5.77,5.75,0.26,0.25,0.125,0.44,0.4375,0.74,1.0625,0.6875,8.25,2.75,,345,14.2,9.03,5.98,15.4,1.58,9.86,36.8,42.6,26.4,32.1
AISC-W-W10X30,W,W10X30,W10X30,AISC-SHAPES,16.0,30,US_CUSTOMARY,8.84,170,36.6,32.4,4.38,16.7,8.84,5.75,1.37,0.622,false,10.5,10.5,5.81,5.75,0.3,0.3125,0.1875,0.51,0.5,0.81,1.125,0.6875,8.25,2.75,,414,14.5,10.7,7.02,18.2,1.6,9.99,37.3,43.1,26.8,32.6
AISC-W-W10X33,W,W10X33,W10X33,AISC-SHAPES,16.0,33,US_CUSTOMARY,9.71,171,38.8,35,4.19,36.6,14,9.2,1.94,0.583,false,9.73,9.75,7.96,8,0.29,0.3125,0.1875,0.435,0.4375,0.935,1.125,0.75,7.5,5.5,,791,18.5,16,7.75,18.9,2.2,9.3,41.9,49.9,27.4,35.4
AISC-W-W10X39,W,W10X39,W10X39,AISC-SHAPES,16.0,39,US_CUSTOMARY,11.5,209,46.8,42.1,4.27,45,17.2,11.3,1.98,0.976,false,9.92,9.875,7.99,8,0.315,0.3125,0.1875,0.53,0.5,1.03,1.1875,0.8125,7.5,5.5,,992,18.8,19.9,9.55,23,2.24,9.39,42.3,50.3,27.8,35.8
AISC-W-W10X45,W,W10X45,W10X45,AISC-SHAPES,16.0,45,US_CUSTOMARY,13.3,248,54.9,49.1,4.32,53.4,20.3,13.3,2.01,1.51,false,10.1,10.125,8.02,8,0.35,0.375,0.1875,0.62,0.625,1.12,1.3125,0.8125,7.5,5.5,,1200,19,23.6,11.3,27,2.27,9.48,42.7,50.7,28.2,36.2
AISC-W-W10X49,W,W10X49,W10X49,AISC-SHAPES,16.0,49,US_CUSTOMARY,14.4,272,60.4,54.6,4.35,93.4,28.3,18.7,2.54,1.39,false,10,10,10,10,0.34,0.3125,0.1875,0.56,0.5625,1.06,1.25,0.8125,7.5,5.5,,2070,23.6,33,12.8,29.8,2.84,9.44,48.5,58.5,30,40
AISC-W-W10X54,W,W10X54,W10X54,AISC-SHAPES,16.0,54,US_CUSTOMARY,15.8,303,66.6,60,4.37,103,31.3,20.6,2.56,1.82,false,10.1,10.125,10,10,0.37,0.375,0.1875,0.615,0.625,1.12,1.3125,0.8125,7.5,5.5,,2320,23.7,36.5,14,32.8,2.85,9.49,48.6,58.6,30.2,40.2
AISC-W-W10X60,W,W10X60,W10X60,AISC-SHAPES,16.0,60,US_CUSTOMARY,17.7,341,74.6,66.7,4.39,116,35,23,2.57,2.48,false,10.2,10.25,10.1,10.125,0.42,0.4375,0.25,0.68,0.6875,1.18,1.375,0.8125,7.5,5.5,,2640,24,41.3,15.7,36.8,2.88,9.52,49,59.1,30.5,40.6
AISC-W-W10X68,W,W10X68,W10X68,AISC-SHAPES,16.0,68,US_CUSTOMARY,19.9,394,85.3,75.7,4.44,134,40.1,26.4,2.59,3.56,false,10.4,10.375,10.1,10.125,0.47,0.5,0.25,0.77,0.75,1.27,1.4375,0.875,7.5,5.5,,3100,24.3,47.3,17.9,42.1,2.92,9.63,49.3,59.4,30.9,41
AISC-W-W10X77,W,W10X77,W10X77,AISC-SHAPES,16.0,77,US_CUSTOMARY,22.7,455,97.6,85.9,4.49,154,45.9,30.1,2.6,5.11,false,10.6,10.625,10.2,10.25,0.53,0.5,0.25,0.87,0.875,1.37,1.5625,0.875,7.5,5.5,,3630,24.8,55,20.5,48.4,2.95,9.73,49.9,60.1,31.4,41.6
AISC-W-W10X88,W,W10X88,W10X88,AISC-SHAPES,16.0,88,US_CUSTOMARY,26,534,113,98.5,4.54,179,53.1,34.8,2.63,7.53,false,10.8,10.875,10.3,10.25,0.605,0.625,0.3125,0.99,1,1.49,1.6875,0.9375,7.5,5.5,,4330,25.3,64.4,23.5,55.9,2.99,9.81,50.4,60.7,31.9,42.2
AISC-W-W12X106,W,W12X106,W12X106,AISC-SHAPES,16.0,106,US_CUSTOMARY,31.2,933,164,145,5.47,301,75.1,49.3,3.11,9.13,false,12.9,12.875,12.2,12.25,0.61,0.625,0.3125,0.99,1,1.59,1.875,1.125,9.125,5.5,,10700,36.3,110,34.2,81,3.52,11.9,60.2,72.4,38,50.2
AISC-W-W12X120,W,W12X120,W12X120,AISC-SHAPES,16.0,120,US_CUSTOMARY,35.2,1070,186,163,5.51,345,85.4,56,3.13,12.9,false,13.1,13.125,12.3,12.375,0.71,0.6875,0.375,1.11,1.125,1.7,2,1.1875,9.125,5.5,,12400,36.9,126,38.6,92.4,3.56,12,60.7,73,38.5,50.8
AISC-W-W12X136,W,W12X136,W12X136,AISC-SHAPES,16.0,136,US_CUSTOMARY,39.9,1240,214,186,5.58,398,98,64.2,3.16,18.5,false,13.4,13.375,12.4,12.375,0.79,0.8125,0.4375,1.25,1.25,1.85,2.125,1.25,9.125,5.5,,14700,37.7,146,44.1,106,3.61,12.2,61.4,73.8,39.2,51.6
AISC-W-W12X14,W,W12X14,W12X14,AISC-SHAPES,16.0,14,US_CUSTOMARY,4.16,88.6,17.4,14.9,4.62,2.36,1.9,1.19,0.753,0.0704,false,11.9,11.875,3.97,4,0.2,0.1875,0.125,0.225,0.25,0.525,0.75,0.5625,10.375,2.25,,80.4,11.6,2.59,2.48,8.49,0.961,11.7,34.8,38.8,27.8,31.7
AISC-W-W12X152,W,W12X152,W12X152,AISC-SHAPES,16.0,152,US_CUSTOMARY,44.7,1430,243,209,5.66,454,111,72.8,3.19,25.8,false,13.7,13.75,12.5,12.5,0.87,0.875,0.4375,1.4,1.375,2,2.3125,1.25,9.125,5.5,,17200,38.4,168,50.1,121,3.66,12.3,62.1,74.6,39.9,52.4
AISC-W-W12X16,W,W12X16,W12X16,AISC-SHAPES,16.0,16,US_CUSTOMARY,4.71,103,20.1,17.1,4.67,2.82,2.26,1.41,0.773,0.103,false,12,12,3.99,4,0.22,0.25,0.125,0.265,0.25,0.565,0.8125,0.5625,10.375,2.25,,96.9,11.7,3.09,2.93,9.82,0.983,11.7,35,39,28,32
AISC-W-W12X170,W,W12X170,W12X170,AISC-SHAPES,16.0,170,US_CUSTOMARY,50,1650,275,235,5.74,517,126,82.3,3.22,35.6,false,14,14,12.6,12.625,0.96,0.9375,0.5,1.56,1.5625,2.16,2.4375,1.3125,9.125,5.5,,20100,39.2,193,56.5,136,3.7,12.4,62.9,75.5,40.6,53.2
AISC-W-W12X19,W,W12X19,W12X19,AISC-SHAPES,16.0,19,US_CUSTOMARY,5.57,130,24.7,21.3,4.82,3.76,2.98,1.88,0.822,0.18,false,12.2,12.125,4.01,4,0.235,0.25,0.125,0.35,0.375,0.65,0.875,0.5625,10.375,2.25,,131,11.9,4.17,3.91,12.2,1.02,11.9,35.5,39.5,28.4,32.4
AISC-W-W12X190,W,W12X190,W12X190,AISC-SHAPES,16.0,190,US_CUSTOMARY,56,1890,311,263,5.82,589,143,93,3.25,48.8,false,14.4,14.375,12.7,12.625,1.06,1.0625,0.5625,1.74,1.75,2.33,2.625,1.375,9.125,5.5,,23600,40.2,222,64.1,156,3.77,12.7,63.8,76.5,41.5,54.2
AISC-W-W12X210,W,W12X210,W12X210,AISC-SHAPES,16.0,210,US_CUSTOMARY,61.8,2140,348,292,5.89,664,159,104,3.28,64.7,false,14.7,14.75,12.8,12.75,1.18,1.1875,0.625,1.9,1.875,2.5,2.8125,1.4375,9.125,5.5,,27200,41,249,70.6,173,3.81,12.8,64.4,77.2,42.2,55
AISC-W-W12X22,W,W12X22,W12X22,AISC-SHAPES,16.0,22,US_CUSTOMARY,6.48,156,29.3,25.4,4.91,4.66,3.66,2.31,0.848,0.293,false,12.3,12.25,4.03,4,0.26,0.25,0.125,0.425,0.4375,0.725,0.9375,0.625,10.375,2.25,,164,12,5.12,4.76,14.4,1.04,11.9,35.7,39.7,28.6,32.7
AISC-W-W12X230,W,W12X230,W12X230,AISC-SHAPES,16.0,230,US_CUSTOMARY,67.7,2420,386,321,5.97,742,177,115,3.31,83.8,true,15.1,15,12.9,12.875,1.29,1.3125,0.6875,2.07,2.0625,2.67,2.9375,1.5,9.125,5.5,,31200,42,281,78.3,193,3.87,13,65.3,78.2,43.1,56
AISC-W-W12X252,W,W12X252,W12X252,AISC-SHAPES,16.0,252,US_CUSTOMARY,74.1,2720,428,353,6.06,828,196,127,3.34,108,true,15.4,15.375,13,13,1.4,1.375,0.6875,2.25,2.25,2.85,3.125,1.5,9.125,5.5,,35800,42.7,313,85.8,213,3.93,13.2,66,79,43.8,56.8
AISC-W-W12X26,W,W12X26,W12X26,AISC-SHAPES,16.0,26,US_CUSTOMARY,7.65,204,37.2,33.4,5.17,17.3,8.17,5.34,1.51,0.3,false,12.2,12.25,6.49,6.5,0.23,0.25,0.125,0.38,0.375,0.68,1.0625,0.75,10.125,3.5,,607,19.2,11.8,7.03,18.3,1.75,11.8,42.9,49.4,30.9,37.4
AISC-W-W12X279,W,W12X279,W12X279,AISC-SHAPES,16.0,279,US_CUSTOMARY,81.9,3110,481,393,6.16,937,220,143,3.38,143,true,15.9,15.875,13.1,13.125,1.53,1.5,0.75,2.47,2.5,3.07,3.375,1.625,9.125,5.5,,42000,44,356,96,240,4,13.4,67,80.1,44.9,58
AISC-W-W12X30,W,W12X30,W12X30,AISC-SHAPES,16.0,30,US_CUSTOMARY,8.79,238,43.1,38.6,5.21,20.3,9.56,6.24,1.52,0.457,false,12.3,12.375,6.52,6.5,0.26,0.25,0.125,0.44,0.4375,0.74,1.125,0.75,10.125,3.5,,720,19.3,13.9,8.17,21.3,1.77,11.9,43.1,49.6,31.1,37.6
AISC-W-W12X305,W,W12X305,W12X305,AISC-SHAPES,16.0,305,US_CUSTOMARY,89.5,3550,537,435,6.29,1050,244,159,3.42,185,true,16.3,16.375,13.2,13.25,1.63,1.625,0.8125,2.71,2.6875,3.3,3.625,1.625,9.125,5.5,,48600,44.8,401,107,267,4.05,13.6,67.9,81.1,45.8,59
AISC-W-W12X336,W,W12X336,W12X336,AISC-SHAPES,16.0,336,US_CUSTOMARY,98.9,4060,603,483,6.41,1190,274,177,3.47,243,true,16.8,16.875,13.4,13.375,1.78,1.75,0.875,2.96,2.9375,3.55,3.875,1.6875,9.125,5.5,,57000,46.4,460,119,301,4.13,13.8,69.2,82.6,47,60.4
AISC-W-W12X35,W,W12X35,W12X35,AISC-SHAPES,16.0,35,US_CUSTOMARY,10.3,285,51.2,45.6,5.25,24.5,11.5,7.47,1.54,0.741,false,12.5,12.5,6.56,6.5,0.3,0.3125,0.1875,0.52,0.5,0.82,1.1875,0.75,10.125,3.5,,879,19.6,16.8,9.75,25.4,1.79,12,43.5,50.1,31.6,38.1
AISC-W-W12X40,W,W12X40,W12X40,AISC-SHAPES,16.0,40,US_CUSTOMARY,11.7,307,57,51.5,5.13,44.1,16.8,11,1.94,0.906,false,11.9,12,8.01,8,0.295,0.3125,0.1875,0.515,0.5,1.02,1.375,0.875,9.25,5.5,,1440,22.8,23.5,11.3,27.8,2.21,11.4,46.4,54.4,31.8,39.8
AISC-W-W12X45,W,W12X45,W12X45,AISC-SHAPES,16.0,45,US_CUSTOMARY,13.1,348,64.2,57.7,5.15,50,19,12.4,1.95,1.26,false,12.1,12,8.05,8,0.335,0.3125,0.1875,0.575,0.5625,1.08,1.375,0.9375,9.25,5.5,,1650,23.2,26.8,12.8,31.7,2.23,11.5,46.8,54.9,32.3,40.3
AISC-W-W12X50,W,W12X50,W12X50,AISC-SHAPES,16.0,50,US_CUSTOMARY,14.6,391,71.9,64.2,5.18,56.3,21.3,13.9,1.96,1.71,false,12.2,12.25,8.08,8.125,0.37,0.375,0.1875,0.64,0.625,1.14,1.5,0.9375,9.25,5.5,,1880,23.4,30.2,14.3,35.4,2.25,11.6,47,55.1,32.5,40.6
AISC-W-W12X53,W,W12X53,W12X53,AISC-SHAPES,16.0,53,US_CUSTOMARY,15.6,425,77.9,70.6,5.23,95.8,29.1,19.2,2.48,1.58,false,12.1,12,10,10,0.345,0.375,0.1875,0.575,0.5625,1.18,1.375,0.9375,9.25,5.5,,3160,28.8,41.4,16,38.3,2.79,11.5,52.5,62.5,34.2,44.2
AISC-W-W12X58,W,W12X58,W12X58,AISC-SHAPES,16.0,58,US_CUSTOMARY,17,475,86.4,78,5.28,107,32.5,21.4,2.51,2.1,false,12.2,12.25,10,10,0.36,0.375,0.1875,0.64,0.625,1.24,1.5,0.9375,9.25,5.5,,3570,28.9,46.2,17.8,42.4,2.81,11.6,52.6,62.6,34.4,44.4
AISC-W-W12X65,W,W12X65,W12X65,AISC-SHAPES,16.0,65,US_CUSTOMARY,19.1,533,96.8,87.9,5.28,174,44.1,29.1,3.02,2.18,false,12.1,12.125,12,12,0.39,0.375,0.1875,0.605,0.625,1.2,1.5,1,9.125,5.5,,5780,34.5,62.6,20.2,47.5,3.38,11.5,58.4,70.4,36.2,48.2
AISC-W-W12X72,W,W12X72,W12X72,AISC-SHAPES,16.0,72,US_CUSTOMARY,21.1,597,108,97.4,5.31,195,49.2,32.4,3.04,2.93,false,12.3,12.25,12,12,0.43,0.4375,0.25,0.67,0.6875,1.27,1.5625,1.0625,9.125,5.5,,6540,34.9,70.1,22.5,53.2,3.41,11.6,58.7,70.7,36.6,48.6
AISC-W-W12X79,W,W12X79,W12X79,AISC-SHAPES,16.0,79,US_CUSTOMARY,23.2,662,119,107,5.34,216,54.3,35.8,3.05,3.84,false,12.4,12.375,12.1,12.125,0.47,0.5,0.25,0.735,0.75,1.33,1.625,1.0625,9.125,5.5,,7330,35.3,78.5,24.9,58.9,3.43,11.7,59.1,71.2,36.9,49
AISC-W-W12X87,W,W12X87,W12X87,AISC-SHAPES,16.0,87,US_CUSTOMARY,25.6,740,132,118,5.38,241,60.4,39.7,3.07,5.1,false,12.5,12.5,12.1,12.125,0.515,0.5,0.25,0.81,0.8125,1.41,1.6875,1.0625,9.125,5.5,,8270,35.4,86.6,27.4,64.9,3.46,11.7,59.2,71.3,37.1,49.2
AISC-W-W12X96,W,W12X96,W12X96,AISC-SHAPES,16.0,96,US_CUSTOMARY,28.2,833,147,131,5.44,270,67.5,44.4,3.09,6.85,false,12.7,12.75,12.2,12.125,0.55,0.5625,0.3125,0.9,0.875,1.5,1.8125,1.125,9.125,5.5,,9410,36,98.8,30.9,73,3.49,11.8,59.9,72.1,37.6,49.8
AISC-W-W14X109,W,W14X109,W14X109,AISC-SHAPES,16.0,109,US_CUSTOMARY,32,1240,192,173,6.22,447,92.7,61.2,3.73,7.12,false,14.3,14.375,14.6,14.625,0.525,0.5,0.25,0.86,0.875,1.46,2.1875,1.5,10,5.5,,20200,49.1,154,40.7,94.8,4.17,13.4,70.3,84.9,43.2,57.8
AISC-W-W14X120,W,W14X120,W14X120,AISC-SHAPES,16.0,120,US_CUSTOMARY,35.3,1380,212,190,6.24,495,102,67.5,3.74,9.37,false,14.5,14.5,14.7,14.625,0.59,0.5625,0.3125,0.94,0.9375,1.54,2.25,1.5,10,5.5,,22700,49.8,172,45,105,4.2,13.6,70.9,85.6,43.7,58.4
AISC-W-W14X132,W,W14X132,W14X132,AISC-SHAPES,16.0,132,US_CUSTOMARY,38.8,1530,234,209,6.28,548,113,74.5,3.76,12.3,false,14.7,14.625,14.7,14.75,0.645,0.625,0.3125,1.03,1,1.63,2.3125,1.5625,10,5.5,,25500,50.2,190,49.5,116,4.23,13.7,71.2,85.9,44.1,58.8
AISC-W-W14X145,W,W14X145,W14X145,AISC-SHAPES,16.0,145,US_CUSTOMARY,42.7,1710,260,232,6.33,677,133,87.3,3.98,15.2,false,14.8,14.75,15.5,15.5,0.68,0.6875,0.375,1.09,1.0625,1.69,2.375,1.5625,10,7.5,3,31700,53.1,224,55.4,129,4.47,13.7,73.7,89.2,45.1,60.6
AISC-W-W14X159,W,W14X159,W14X159,AISC-SHAPES,16.0,159,US_CUSTOMARY,46.7,1900,287,254,6.38,748,146,96.2,4,19.7,false,15,15,15.6,15.625,0.745,0.75,0.375,1.19,1.1875,1.79,2.5,1.5625,10,7.5,3,35600,53.9,250,61,143,4.51,13.8,74.3,89.9,45.6,61.2
AISC-W-W14X176,W,W14X176,W14X176,AISC-SHAPES,16.0,176,US_CUSTOMARY,51.8,2140,320,281,6.43,838,163,107,4.02,26.5,false,15.2,15.25,15.7,15.625,0.83,0.8125,0.4375,1.31,1.3125,1.91,2.625,1.625,10,7.5,3,40500,54.5,280,67.6,159,4.55,13.9,74.8,90.5,46.1,61.8
AISC-W-W14X193,W,W14X193,W14X193,AISC-SHAPES,16.0,193,US_CUSTOMARY,56.8,2400,355,310,6.5,931,180,119,4.05,34.8,false,15.5,15.5,15.7,15.75,0.89,0.875,0.4375,1.44,1.4375,2.04,2.75,1.6875,10,7.5,3,45900,55.2,312,75,177,4.59,14.1,75.3,91,46.7,62.4
AISC-W-W14X211,W,W14X211,W14X211,AISC-SHAPES,16.0,211,US_CUSTOMARY,62,2660,390,338,6.55,1030,198,130,4.07,44.6,false,15.7,15.75,15.8,15.75,0.98,1,0.5,1.56,1.5625,2.16,2.875,1.6875,10,7.5,3,51500,55.9,344,81.7,194,4.64,14.1,75.8,91.6,47.2,63
AISC-W-W14X22,W,W14X22,W14X22,AISC-SHAPES,16.0,22,US_CUSTOMARY,6.49,199,33.2,29,5.54,7,4.39,2.8,1.04,0.208,false,13.7,13.75,5,5,0.23,0.25,0.125,0.335,0.3125,0.735,1.0625,0.75,11.625,2.75,,314,16.7,7,5.34,16.1,1.27,13.4,41.3,46.3,32.4,37.4
AISC-W-W14X233,W,W14X233,W14X233,AISC-SHAPES,16.0,233,US_CUSTOMARY,68.5,3010,436,375,6.63,1150,221,145,4.1,59.5,false,16,16,15.9,15.875,1.07,1.0625,0.5625,1.72,1.75,2.32,3,1.75,10,7.5,3,59000,56.8,388,91.1,216,4.69,14.3,76.5,92.4,47.9,63.8
AISC-W-W14X257,W,W14X257,W14X257,AISC-SHAPES,16.0,257,US_CUSTOMARY,75.6,3400,487,415,6.71,1290,246,161,4.13,79.1,false,16.4,16.375,16,16,1.18,1.1875,0.625,1.89,1.875,2.49,3.1875,1.8125,10,7.5,3,67800,58,439,102,243,4.75,14.5,77.4,93.4,48.8,64.8
AISC-W-W14X26,W,W14X26,W14X26,AISC-SHAPES,16.0,26,US_CUSTOMARY,7.69,245,40.2,35.3,5.65,8.91,5.54,3.55,1.08,0.358,false,13.9,13.875,5.03,5,0.255,0.25,0.125,0.42,0.4375,0.82,1.125,0.75,11.625,2.75,,405,17,8.95,6.76,19.7,1.3,13.5,41.7,46.7,32.8,37.9
AISC-W-W14X283,W,W14X283,W14X283,AISC-SHAPES,16.0,283,US_CUSTOMARY,83.3,3840,542,459,6.79,1440,274,179,4.17,104,true,16.7,16.75,16.1,16.125,1.29,1.3125,0.6875,2.07,2.0625,2.67,3.375,1.875,10,7.5,3,77700,58.9,491,112,269,4.8,14.6,78.1,94.2,49.5,65.6
AISC-W-W14X30,W,W14X30,W14X30,AISC-SHAPES,16.0,30,US_CUSTOMARY,8.85,291,47.3,42,5.73,19.6,8.99,5.82,1.49,0.38,false,13.8,13.875,6.73,6.75,0.27,0.25,0.125,0.385,0.375,0.785,1.125,0.75,11.625,3.5,,887,22.6,14.6,8.34,23.1,1.77,13.4,46.6,53.3,34.3,41.1
AISC-W-W14X311,W,W14X311,W14X311,AISC-SHAPES,16.0,311,US_CUSTOMARY,91.4,4330,603,506,6.88,1610,304,199,4.2,136,true,17.1,17.125,16.2,16.25,1.41,1.4375,0.75,2.26,2.25,2.86,3.5625,1.9375,10,7.5,3,89100,60.1,550,124,300,4.87,14.8,79,95.2,50.4,66.6
AISC-W-W14X34,W,W14X34,W14X34,AISC-SHAPES,16.0,34,US_CUSTOMARY,10,340,54.6,48.6,5.83,23.3,10.6,6.91,1.53,0.569,false,14,14,6.75,6.75,0.285,0.3125,0.1875,0.455,0.4375,0.855,1.1875,0.75,11.625,3.5,,1070,22.9,17.6,10,26.9,1.8,13.5,47,53.7,34.8,41.5
AISC-W-W14X342,W,W14X342,W14X342,AISC-SHAPES,16.0,342,US_CUSTOMARY,101,4900,672,558,6.98,1810,338,221,4.24,178,true,17.5,17.5,16.4,16.375,1.54,1.5625,0.8125,2.47,2.5,3.07,3.75,2,10,7.5,3,103000,61.6,624,138,335,4.95,15,80.1,96.5,51.4,67.8
AISC-W-W14X370,W,W14X370,W14X370,AISC-SHAPES,16.0,370,US_CUSTOMARY,109,5440,736,607,7.07,1990,370,241,4.27,222,true,17.9,17.875,16.5,16.5,1.66,1.6875,0.8125,2.66,2.6875,3.26,3.9375,2.0625,10,7.5,3,116000,62.9,690,150,367,5,15.2,81,97.5,52.3,68.8
AISC-W-W14X38,W,W14X38,W14X38,AISC-SHAPES,16.0,38,US_CUSTOMARY,11.2,385,61.5,54.6,5.87,26.7,12.1,7.88,1.55,0.798,false,14.1,14.125,6.77,6.75,0.31,0.3125,0.1875,0.515,0.5,0.915,1.25,0.8125,11.625,3.5,,1230,23,20,11.3,30.3,1.82,13.6,47.2,54,35,41.7
AISC-W-W14X398,W,W14X398,W14X398,AISC-SHAPES,16.0,398,US_CUSTOMARY,117,6000,801,656,7.16,2170,402,262,4.31,273,true,18.3,18.25,16.6,16.625,1.77,1.75,0.875,2.85,2.875,3.44,4.125,2.125,10,7.5,3,129000,64.1,758,163,401,5.05,15.5,81.8,98.4,53.2,69.8
AISC-W-W14X426,W,W14X426,W14X426,AISC-SHAPES,16.0,426,US_CUSTOMARY,125,6600,869,706,7.26,2360,434,283,4.34,331,true,18.7,18.625,16.7,16.75,1.88,1.875,0.9375,3.04,3.0625,3.63,4.3125,2.125,10,7.5,3,144000,65.4,830,176,435,5.11,15.7,82.7,99.4,54.1,70.8
AISC-W-W14X43,W,W14X43,W14X43,AISC-SHAPES,16.0,43,US_CUSTOMARY,12.6,428,69.6,62.6,5.82,45.2,17.3,11.3,1.89,1.05,false,13.7,13.625,8,8,0.305,0.3125,0.1875,0.53,0.5,1.12,1.375,1,10.875,5.5,,1950,26.3,27.9,13.4,34,2.18,13.2,49.8,57.8,35.4,43.4
AISC-W-W14X455,W,W14X455,W14X455,AISC-SHAPES,16.0,455,US_CUSTOMARY,134,7190,936,756,7.33,2560,468,304,4.38,395,true,19,19,16.8,16.875,2.02,2,1,3.21,3.1875,3.81,4.5,2.25,10,7.5,3,160000,66.3,894,187,466,5.17,15.8,83.2,100,54.8,71.6
AISC-W-W14X48,W,W14X48,W14X48,AISC-SHAPES,16.0,48,US_CUSTOMARY,14.1,484,78.4,70.2,5.85,51.4,19.6,12.8,1.91,1.45,false,13.8,13.75,8.03,8,0.34,0.3125,0.1875,0.595,0.625,1.19,1.4375,1,10.875,5.5,,2240,26.5,31.7,15.1,38.3,2.2,13.2,50,58,35.6,43.7
AISC-W-W14X500,W,W14X500,W14X500,AISC-SHAPES,16.0,500,US_CUSTOMARY,147,8210,1050,838,7.48,2880,522,339,4.43,514,true,19.6,19.625,17,17,2.19,2.1875,1.125,3.5,3.5,4.1,4.8125,2.3125,10,7.5,3,187000,68.4,1020,209,522,5.26,16.1,85,102,56.2,73.2
AISC-W-W14X53,W,W14X53,W14X53,AISC-SHAPES,16.0,53,US_CUSTOMARY,15.6,541,87.1,77.8,5.89,57.7,22,14.3,1.92,1.94,false,13.9,13.875,8.06,8,0.37,0.375,0.1875,0.66,0.6875,1.25,1.5,1,10.875,5.5,,2540,26.7,35.5,16.8,42.5,2.22,13.2,50.2,58.3,35.9,43.9
AISC-W-W14X550,W,W14X550,W14X550,AISC-SHAPES,16.0,550,US_CUSTOMARY,162,9430,1180,931,7.63,3250,583,378,4.49,669,true,20.2,20.25,17.2,17.25,2.38,2.375,1.1875,3.82,3.8125,4.42,5.125,2.375,10,7.5,3,219000,70.4,1160,232,585,5.35,16.4,85.8,103,57.6,74.8
AISC-W-W14X605,W,W14X605,W14X605,AISC-SHAPES,16.0,605,US_CUSTOMARY,178,10800,1320,1040,7.8,3680,652,423,4.55,869,true,20.9,20.875,17.4,17.375,2.6,2.625,1.3125,4.16,4.1875,4.76,5.4375,2.5,10,7.5,3,258000,72.8,1320,258,657,5.44,16.7,87.6,105,59.2,76.6
AISC-W-W14X61,W,W14X61,W14X61,AISC-SHAPES,16.0,61,US_CUSTOMARY,17.9,640,102,92.1,5.98,107,32.8,21.5,2.45,2.19,false,13.9,13.875,10,10,0.375,0.375,0.1875,0.645,0.625,1.24,1.5,1,10.875,5.5,,4710,33.1,53.4,20.6,50.2,2.78,13.3,56,66,37.8,47.8
AISC-W-W14X665,W,W14X665,W14X665,AISC-SHAPES,16.0,665,US_CUSTOMARY,196,12400,1480,1150,7.98,4170,730,472,4.62,1120,true,21.6,21.625,17.7,17.625,2.83,2.8125,1.4375,4.52,4.5,5.12,5.8125,2.625,10,7.5,3,305000,75.6,1510,287,739,5.57,17.1,89.3,107,60.9,78.6
AISC-W-W14X68,W,W14X68,W14X68,AISC-SHAPES,16.0,68,US_CUSTOMARY,20,722,115,103,6.01,121,36.9,24.2,2.46,3.01,false,14,14,10,10,0.415,0.4375,0.25,0.72,0.75,1.31,1.5625,1.0625,10.875,5.5,,5380,33.2,59.8,22.9,56,2.8,13.3,56.2,66.2,38,48
AISC-W-W14X730,W,W14X730,W14X730,AISC-SHAPES,16.0,730,US_CUSTOMARY,215,14300,1660,1280,8.17,4720,816,527,4.69,1450,true,22.4,22.375,17.9,17.875,3.07,3.0625,1.5625,4.91,4.9375,5.51,6.1875,2.75,10,7.5,3,362000,78.3,1720,318,829,5.68,17.5,91.1,109,62.7,80.6
AISC-W-W14X74,W,W14X74,W14X74,AISC-SHAPES,16.0,74,US_CUSTOMARY,21.8,795,126,112,6.04,134,40.5,26.6,2.48,3.87,false,14.2,14.125,10.1,10.125,0.45,0.4375,0.25,0.785,0.8125,1.38,1.625,1.0625,10.875,5.5,,5990,33.9,67.1,25.4,62.2,2.83,13.4,56.8,66.9,38.5,48.6
AISC-W-W14X808,W,W14X808,W14X808,AISC-SHAPES,16.0,808,US_CUSTOMARY,238,15900,1830,1390,8.17,5550,930,597,4.83,1840,true,22.8,22.75,18.6,18.625,3.74,3.75,1.875,5.12,5.125,5.71,5.75,2.5,11.25,8.5,3,434000,82.2,1960,336,916,5.94,17.7,93.4,112,64.2,82.80000000000001
AISC-W-W14X82,W,W14X82,W14X82,AISC-SHAPES,16.0,82,US_CUSTOMARY,24,881,139,123,6.05,148,44.8,29.3,2.48,5.07,false,14.3,14.25,10.1,10.125,0.51,0.5,0.25,0.855,0.875,1.45,1.6875,1.0625,10.875,5.5,,6710,33.9,73.3,27.6,68.2,2.85,13.4,56.9,67,38.7,48.8
AISC-W-W14X873,W,W14X873,W14X873,AISC-SHAPES,16.0,873,US_CUSTOMARY,257,18100,2030,1530,8.39,6170,1020,656,4.9,2270,true,23.6,23.625,18.8,18.75,3.94,3.9375,2,5.51,5.5,6.1,6.1875,2.5625,11.25,8.5,3,505000,85,2200,370,1010,6.04,18.1,95.2,114,66,84.80000000000001
AISC-W-W14X90,W,W14X90,W14X90,AISC-SHAPES,16.0,90,US_CUSTOMARY,26.5,999,157,143,6.14,362,75.6,49.9,3.7,4.06,false,14,14,14.5,14.5,0.44,0.4375,0.25,0.71,0.6875,1.31,2,1.4375,10,5.5,,16000,48.2,124,33.2,77.1,4.1,13.3,69.6,84.1,42.5,57
AISC-W-W14X99,W,W14X99,W14X99,AISC-SHAPES,16.0,99,US_CUSTOMARY,29.1,1110,173,157,6.17,402,83.6,55.2,3.71,5.37,false,14.2,14.125,14.6,14.625,0.485,0.5,0.25,0.78,0.75,1.38,2.0625,1.4375,10,5.5,,18000,49,139,36.9,86.1,4.14,13.4,70.2,84.8,43,57.6
AISC-W-W16X100,W,W16X100,W16X100,AISC-SHAPES,16.0,100,US_CUSTOMARY,29.4,1490,198,175,7.1,186,54.9,35.7,2.51,7.73,false,17,17,10.4,10.375,0.585,0.5625,0.3125,0.985,1,1.39,1.875,1.125,13.25,5.5,,11900,41.6,107,38.7,98.5,2.92,16,63.3,73.7,44.4,54.8
AISC-W-W16X26,W,W16X26,W16X26,AISC-SHAPES,16.0,26,US_CUSTOMARY,7.68,301,44.2,38.4,6.26,9.59,5.48,3.49,1.12,0.262,false,15.7,15.75,5.5,5.5,0.25,0.25,0.125,0.345,0.375,0.747,1.0625,0.75,13.625,3.5,,565,21.1,10,6.95,21.6,1.38,15.4,46.7,52.2,36.9,42.4
AISC-W-W16X31,W,W16X31,W16X31,AISC-SHAPES,16.0,31,US_CUSTOMARY,9.13,375,54,47.2,6.41,12.4,7.03,4.49,1.17,0.461,false,15.9,15.875,5.53,5.5,0.275,0.25,0.125,0.44,0.4375,0.842,1.125,0.75,13.625,3.5,,739,21.4,13,8.94,26.6,1.42,15.5,47.2,52.7,37.3,42.9
AISC-W-W16X36,W,W16X36,W16X36,AISC-SHAPES,16.0,36,US_CUSTOMARY,10.6,448,64,56.5,6.51,24.5,10.8,7,1.52,0.545,false,15.9,15.875,6.99,7,0.295,0.3125,0.1875,0.43,0.4375,0.832,1.125,0.75,13.625,3.5,,1460,27,20.3,11.1,31.6,1.83,15.5,51.5,58.5,38.8,45.8
AISC-W-W16X40,W,W16X40,W16X40,AISC-SHAPES,16.0,40,US_CUSTOMARY,11.8,518,73,64.7,6.63,28.9,12.7,8.25,1.57,0.794,false,16,16,7,7,0.305,0.3125,0.1875,0.505,0.5,0.907,1.1875,0.8125,13.625,3.5,,1730,27.1,24,13.1,36,1.86,15.5,51.7,58.7,39,46
AISC-W-W16X45,W,W16X45,W16X45,AISC-SHAPES,16.0,45,US_CUSTOMARY,13.3,586,82.3,72.7,6.65,32.8,14.5,9.34,1.57,1.11,false,16.1,16.125,7.04,7,0.345,0.375,0.1875,0.565,0.5625,0.967,1.25,0.8125,13.625,3.5,,1990,27.3,27.2,14.7,40.6,1.87,15.5,52,59,39.2,46.3
AISC-W-W16X50,W,W16X50,W16X50,AISC-SHAPES,16.0,50,US_CUSTOMARY,14.7,659,92,81,6.68,37.2,16.3,10.5,1.59,1.52,false,16.3,16.25,7.07,7.125,0.38,0.375,0.1875,0.63,0.625,1.03,1.3125,0.8125,13.625,3.5,,2270,27.7,30.8,16.5,45.6,1.89,15.7,52.3,59.4,39.7,46.7
AISC-W-W16X57,W,W16X57,W16X57,AISC-SHAPES,16.0,57,US_CUSTOMARY,16.8,758,105,92.2,6.72,43.1,18.9,12.1,1.6,2.22,false,16.4,16.375,7.12,7.125,0.43,0.4375,0.25,0.715,0.6875,1.12,1.375,0.875,13.625,3.5,,2660,27.9,35.5,18.8,52,1.92,15.7,52.6,59.7,39.9,47
AISC-W-W16X67,W,W16X67,W16X67,AISC-SHAPES,16.0,67,US_CUSTOMARY,19.6,954,130,117,6.96,119,35.5,23.2,2.46,2.39,false,16.3,16.375,10.2,10.25,0.395,0.375,0.1875,0.665,0.6875,1.07,1.5625,1,13.25,5.5,,7300,39.9,67.6,25.5,64.1,2.82,15.6,61.7,71.9,42.8,53
AISC-W-W16X77,W,W16X77,W16X77,AISC-SHAPES,16.0,77,US_CUSTOMARY,22.6,1110,150,134,7,138,41.1,26.9,2.47,3.57,false,16.5,16.5,10.3,10.25,0.455,0.4375,0.25,0.76,0.75,1.16,1.625,1.0625,13.25,5.5,,8590,40.5,79.3,29.4,74.4,2.85,15.7,62.3,72.6,43.3,53.6
AISC-W-W16X89,W,W16X89,W16X89,AISC-SHAPES,16.0,89,US_CUSTOMARY,26.2,1300,175,155,7.05,163,48.1,31.4,2.49,5.45,false,16.8,16.75,10.4,10.375,0.525,0.5,0.25,0.875,0.875,1.28,1.75,1.0625,13.25,5.5,,10200,41.4,94.2,34.4,87.3,2.88,15.9,63.1,73.5,44,54.4
AISC-W-W18X106,W,W18X106,W18X106,AISC-SHAPES,16.0,106,US_CUSTOMARY,31.1,1910,230,204,7.84,220,60.5,39.4,2.66,7.48,false,18.7,18.75,11.2,11.25,0.59,0.5625,0.3125,0.94,0.9375,1.34,1.8125,1.125,15.125,5.5,,17400,49.7,131,44.3,114,3.1,17.8,69.1,80.3,48.6,59.8
AISC-W-W18X119,W,W18X119,W18X119,AISC-SHAPES,16.0,119,US_CUSTOMARY,35.1,2190,262,231,7.9,253,69.1,44.9,2.69,10.6,false,19,19,11.3,11.25,0.655,0.625,0.3125,1.06,1.0625,1.46,1.9375,1.1875,15.125,5.5,,20300,50.7,152,50.6,131,3.13,17.9,69.9,81.2,49.3,60.6
AISC-W-W18X130,W,W18X130,W18X130,AISC-SHAPES,16.0,130,US_CUSTOMARY,38.3,2460,290,256,8.03,278,76.7,49.9,2.7,14.5,false,19.3,19.25,11.2,11.125,0.67,0.6875,0.375,1.2,1.1875,1.6,2.0625,1.1875,15.125,5.5,,22700,50.7,170,57.2,146,3.13,18.1,70.2,81.4,49.8,61
AISC-W-W18X143,W,W18X143,W18X143,AISC-SHAPES,16.0,143,US_CUSTOMARY,42,2750,322,282,8.09,311,85.4,55.5,2.72,19.2,false,19.5,19.5,11.2,11.25,0.73,0.75,0.375,1.32,1.3125,1.72,2.1875,1.1875,15.125,5.5,,25700,50.9,188,62.8,160,3.17,18.2,70.4,81.6,50.2,61.4
AISC-W-W18X158,W,W18X158,W18X158,AISC-SHAPES,16.0,158,US_CUSTOMARY,46.3,3060,356,310,8.12,347,94.8,61.4,2.74,25.2,false,19.7,19.75,11.3,11.25,0.81,0.8125,0.4375,1.44,1.4375,1.84,2.375,1.25,15.125,5.5,,29000,51.6,210,69,177,3.2,18.3,71,82.3,50.7,62
AISC-W-W18X175,W,W18X175,W18X175,AISC-SHAPES,16.0,175,US_CUSTOMARY,51.4,3450,398,344,8.2,391,106,68.8,2.76,33.8,false,20,20,11.4,11.375,0.89,0.875,0.4375,1.59,1.5625,1.99,2.4375,1.25,15.125,5.5,,33300,52.5,238,76.9,198,3.24,18.4,71.7,83.1,51.4,62.8
AISC-W-W18X192,W,W18X192,W18X192,AISC-SHAPES,16.0,192,US_CUSTOMARY,56.2,3870,442,380,8.28,440,119,76.8,2.79,44.7,false,20.4,20.375,11.5,11.5,0.96,0.9375,0.5,1.75,1.75,2.15,2.625,1.3125,15.125,5.5,,38000,53.6,270,86,222,3.28,18.7,72.7,84.2,52.3,63.8
AISC-W-W18X211,W,W18X211,W18X211,AISC-SHAPES,16.0,211,US_CUSTOMARY,62.3,4330,490,419,8.35,493,132,85.3,2.82,58.6,false,20.7,20.625,11.6,11.5,1.06,1.0625,0.5625,1.91,1.9375,2.31,2.8125,1.375,15.125,5.5,,43400,54.5,302,94.6,246,3.32,18.8,73.4,85,53,64.6
AISC-W-W18X234,W,W18X234,W18X234,AISC-SHAPES,16.0,234,US_CUSTOMARY,68.6,4900,549,466,8.44,558,149,95.8,2.85,78.7,true,21.1,21,11.7,11.625,1.16,1.1875,0.625,2.11,2.125,2.51,3,1.375,15.125,5.5,,50100,55.5,343,106,276,3.37,19,74.3,86,53.9,65.6
AISC-W-W18X258,W,W18X258,W18X258,AISC-SHAPES,16.0,258,US_CUSTOMARY,76,5510,611,514,8.53,628,166,107,2.88,103,true,21.5,21.5,11.8,11.75,1.28,1.25,0.625,2.3,2.3125,2.7,3.1875,1.4375,15.125,5.5,,57600,56.6,384,116,306,3.42,19.2,75.1,86.9,54.8,66.6
AISC-W-W18X283,W,W18X283,W18X283,AISC-SHAPES,16.0,283,US_CUSTOMARY,83.3,6170,676,565,8.61,704,185,118,2.91,134,true,21.9,21.875,11.9,11.875,1.4,1.375,0.6875,2.5,2.5,3,3.375,1.5,15.125,5.5,,65900,57.7,429,127,339,3.47,19.4,75.8,87.7,55.7,67.6
AISC-W-W18X311,W,W18X311,W18X311,AISC-SHAPES,16.0,311,US_CUSTOMARY,91.6,6970,754,624,8.72,795,207,132,2.95,176,true,22.3,22.375,12,12,1.52,1.5,0.75,2.74,2.75,3.24,3.5625,1.5625,15.125,5.5,,76200,58.7,482,140,375,3.53,19.6,76.7,88.7,56.6,68.6
AISC-W-W18X35,W,W18X35,W18X35,AISC-SHAPES,16.0,35,US_CUSTOMARY,10.3,510,66.5,57.6,7.04,15.3,8.06,5.12,1.22,0.506,false,17.7,17.75,6,6,0.3,0.3125,0.1875,0.425,0.4375,0.827,1.125,0.75,15.5,3.5,,1140,25.9,16.5,10.5,32.7,1.51,17.3,52.1,58.1,41.4,47.4
AISC-W-W18X40,W,W18X40,W18X40,AISC-SHAPES,16.0,40,US_CUSTOMARY,11.8,612,78.4,68.4,7.21,19.1,10,6.35,1.27,0.81,false,17.9,17.875,6.02,6,0.315,0.3125,0.1875,0.525,0.5,0.927,1.1875,0.8125,15.5,3.5,,1440,26.1,20.7,13,38.6,1.56,17.4,52.6,58.6,41.8,47.8
AISC-W-W18X46,W,W18X46,W18X46,AISC-SHAPES,16.0,46,US_CUSTOMARY,13.5,712,90.7,78.8,7.25,22.5,11.7,7.43,1.29,1.22,false,18.1,18,6.06,6,0.36,0.375,0.1875,0.605,0.625,1.01,1.25,0.8125,15.5,3.5,,1720,26.5,24.3,15.1,44.9,1.58,17.5,52.9,59,42.3,48.3
AISC-W-W18X50,W,W18X50,W18X50,AISC-SHAPES,16.0,50,US_CUSTOMARY,14.7,800,101,88.9,7.38,40.1,16.6,10.7,1.65,1.24,false,18,18,7.5,7.5,0.355,0.375,0.1875,0.57,0.5625,0.972,1.25,0.8125,15.5,3.5,,3040,32.7,34.9,17.7,49.9,1.98,17.4,57.1,64.6,43.5,51
AISC-W-W18X55,W,W18X55,W18X55,AISC-SHAPES,16.0,55,US_CUSTOMARY,16.2,890,112,98.3,7.41,44.9,18.5,11.9,1.67,1.66,false,18.1,18.125,7.53,7.5,0.39,0.375,0.1875,0.63,0.625,1.03,1.3125,0.8125,15.5,3.5,,3430,32.9,39,19.6,55.3,2,17.5,57.3,64.8,43.7,51.3
AISC-W-W18X60,W,W18X60,W18X60,AISC-SHAPES,16.0,60,US_CUSTOMARY,17.6,984,123,108,7.47,50.1,20.6,13.3,1.68,2.17,false,18.2,18.25,7.56,7.5,0.415,0.4375,0.25,0.695,0.6875,1.1,1.375,0.8125,15.5,3.5,,3850,33.1,43.5,21.7,60.6,2.02,17.5,57.5,65.1,44,51.5
AISC-W-W18X65,W,W18X65,W18X65,AISC-SHAPES,16.0,65,US_CUSTOMARY,19.1,1070,133,117,7.49,54.8,22.5,14.4,1.69,2.73,false,18.4,18.375,7.59,7.625,0.45,0.4375,0.25,0.75,0.75,1.15,1.4375,0.875,15.5,3.5,,4240,33.5,47.7,23.6,66.3,2.03,17.7,58,65.6,44.4,52
AISC-W-W18X71,W,W18X71,W18X71,AISC-SHAPES,16.0,71,US_CUSTOMARY,20.9,1170,146,127,7.5,60.3,24.7,15.8,1.7,3.49,false,18.5,18.5,7.64,7.625,0.495,0.5,0.25,0.81,0.8125,1.21,1.5,0.875,15.5,3.5,,4700,33.8,52.3,25.6,72.4,2.05,17.7,58.3,65.9,44.6,52.3
AISC-W-W18X76,W,W18X76,W18X76,AISC-SHAPES,16.0,76,US_CUSTOMARY,22.3,1330,163,146,7.73,152,42.2,27.6,2.61,2.83,false,18.2,18.25,11,11,0.425,0.4375,0.25,0.68,0.6875,1.08,1.5625,1.0625,15.125,5.5,,11700,48.2,90.1,31.5,80.6,3.02,17.5,67.9,78.9,47.4,58.4
AISC-W-W18X86,W,W18X86,W18X86,AISC-SHAPES,16.0,86,US_CUSTOMARY,25.3,1530,186,166,7.77,175,48.4,31.6,2.63,4.1,false,18.4,18.375,11.1,11.125,0.48,0.5,0.25,0.77,0.75,1.17,1.625,1.0625,15.125,5.5,,13600,48.9,105,36,92.4,3.05,17.6,68.4,79.5,47.9,59
AISC-W-W18X97,W,W18X97,W18X97,AISC-SHAPES,16.0,97,US_CUSTOMARY,28.5,1750,211,188,7.82,201,55.3,36.1,2.65,5.86,false,18.6,18.625,11.1,11.125,0.535,0.5625,0.3125,0.87,0.875,1.27,1.75,1.125,15.125,5.5,,15800,49.2,119,40.7,105,3.08,17.7,68.7,79.8,48.3,59.4
AISC-W-W21X101,W,W21X101,W21X101,AISC-SHAPES,16.0,101,US_CUSTOMARY,29.8,2420,253,227,9.02,248,61.7,40.3,2.89,5.21,false,21.4,21.375,12.3,12.25,0.5,0.5,0.25,0.8,0.8125,1.3,2.0625,1.4375,17.25,5.5,,26200,63.3,156,48.6,126,3.35,20.6,77.8,90.1,55.1,67.4
AISC-W-W21X111,W,W21X111,W21X111,AISC-SHAPES,16.0,111,US_CUSTOMARY,32.6,2670,279,249,9.05,274,68.2,44.5,2.9,6.83,false,21.5,21.5,12.3,12.375,0.55,0.5625,0.3125,0.875,0.875,1.38,2.125,1.5,17.25,5.5,,29200,63.4,171,53,138,3.37,20.6,77.9,90.2,55.3,67.6
AISC-W-W21X122,W,W21X122,W21X122,AISC-SHAPES,16.0,122,US_CUSTOMARY,35.9,2960,307,273,9.09,305,75.6,49.2,2.92,8.98,false,21.7,21.625,12.4,12.375,0.6,0.625,0.3125,0.96,0.9375,1.46,2.25,1.5,17.25,5.5,,32700,64.3,191,58.7,153,3.4,20.7,78.5,90.9,55.8,68.2
AISC-W-W21X132,W,W21X132,W21X132,AISC-SHAPES,16.0,132,US_CUSTOMARY,38.8,3220,333,295,9.12,333,82.3,53.5,2.93,11.3,false,21.8,21.875,12.4,12.5,0.65,0.625,0.3125,1.04,1.0625,1.54,2.25,1.5625,17.25,5.5,,36000,64.4,206,62.8,164,3.43,20.8,78.6,91,56,68.4
AISC-W-W21X147,W,W21X147,W21X147,AISC-SHAPES,16.0,147,US_CUSTOMARY,43.2,3630,373,329,9.17,376,92.6,60.1,2.95,15.4,false,22.1,22,12.5,12.5,0.72,0.75,0.375,1.15,1.125,1.65,2.4375,1.5625,17.25,5.5,,41100,65.5,235,71,186,3.46,21,79.4,91.9,56.7,69.2
AISC-W-W21X166,W,W21X166,W21X166,AISC-SHAPES,16.0,166,US_CUSTOMARY,48.8,4280,432,380,9.36,435,108,70,2.99,23.6,false,22.5,22.5,12.4,12.375,0.75,0.75,0.375,1.36,1.375,1.86,2.625,1.5625,17.25,5.5,,48500,65.5,276,83.7,215,3.48,21.1,79.8,92.2,57.4,69.8
AISC-W-W21X182,W,W21X182,W21X182,AISC-SHAPES,16.0,182,US_CUSTOMARY,53.6,4730,476,417,9.4,483,119,77.2,3,30.7,false,22.7,22.75,12.5,12.5,0.83,0.8125,0.4375,1.48,1.5,1.98,2.75,1.625,17.25,5.5,,54400,66.3,307,91.6,237,3.51,21.2,80.4,92.9,57.9,70.4
AISC-W-W21X201,W,W21X201,W21X201,AISC-SHAPES,16.0,201,US_CUSTOMARY,59.3,5310,530,461,9.47,542,133,86.1,3.02,40.9,false,23,23,12.6,12.625,0.91,0.9375,0.5,1.63,1.625,2.13,2.875,1.6875,17.25,5.5,,62000,67.3,346,102,264,3.55,21.4,81.1,93.7,58.6,71.2
AISC-W-W21X223,W,W21X223,W21X223,AISC-SHAPES,16.0,223,US_CUSTOMARY,66.5,6080,601,520,9.56,614,150,96.7,3.04,59.5,false,23.4,23.375,12.7,12.625,1,1,0.5,1.79,1.8125,2.9699999999999998,3.0625,1.6875,17.25,5.5,,71700,68.6,390,113,295,3.57,21.6,80.9,93.6,59.5,72.2
AISC-W-W21X248,W,W21X248,W21X248,AISC-SHAPES,16.0,248,US_CUSTOMARY,73.8,6830,671,576,9.62,699,170,109,3.08,80.7,false,23.7,23.75,12.8,12.75,1.1,1.125,0.5625,1.99,2,3.17,3.25,1.75,17.25,5.5,,82400,69.5,442,126,330,3.63,21.7,81.6,94.4,60.2,73
AISC-W-W21X275,W,W21X275,W21X275,AISC-SHAPES,16.0,275,US_CUSTOMARY,81.8,7690,749,638,9.7,787,191,122,3.1,107,true,24.1,24.125,12.9,12.875,1.22,1.25,0.625,2.19,2.1875,3.37,3.4375,1.8125,17.25,5.5,,94400,70.7,499,140,369,3.68,21.9,82.4,95.3,61.1,74
AISC-W-W21X44,W,W21X44,W21X44,AISC-SHAPES,16.0,44,US_CUSTOMARY,13,843,95.4,81.6,8.06,20.7,10.2,6.37,1.26,0.77,false,20.7,20.625,6.5,6.5,0.35,0.375,0.1875,0.45,0.4375,0.95,1.125,0.8125,18.375,3.5,,2110,32.9,24.1,14,46.8,1.6,20.3,59.3,65.8,47.9,54.4
AISC-W-W21X48,W,W21X48,W21X48,AISC-SHAPES,16.0,48,US_CUSTOMARY,14.1,959,107,93,8.24,38.7,14.9,9.52,1.66,0.803,false,20.6,20.625,8.14,8.125,0.35,0.375,0.1875,0.43,0.4375,0.93,1.125,0.8125,18.375,5.5,,3950,41,35.9,16.9,52.3,2.05,20.2,64.1,72.2,49.3,57.5
AISC-W-W21X50,W,W21X50,W21X50,AISC-SHAPES,16.0,50,US_CUSTOMARY,14.7,984,110,94.5,8.18,24.9,12.2,7.64,1.3,1.14,false,20.8,20.875,6.53,6.5,0.38,0.375,0.1875,0.535,0.5625,1.04,1.25,0.8125,18.375,3.5,,2570,33.1,28.9,16.7,53.9,1.64,20.3,59.6,66.1,48.1,54.7
AISC-W-W21X55,W,W21X55,W21X55,AISC-SHAPES,16.0,55,US_CUSTOMARY,16.2,1140,126,110,8.4,48.4,18.4,11.8,1.73,1.24,false,20.8,20.75,8.22,8.25,0.375,0.375,0.1875,0.522,0.5,1.02,1.1875,0.8125,18.375,5.5,,4980,41.7,44.7,20.8,61.8,2.11,20.3,64.7,72.9,49.8,58
AISC-W-W21X57,W,W21X57,W21X57,AISC-SHAPES,16.0,57,US_CUSTOMARY,16.7,1170,129,111,8.36,30.6,14.8,9.35,1.35,1.77,false,21.1,21,6.56,6.5,0.405,0.375,0.1875,0.65,0.625,1.15,1.3125,0.8125,18.375,3.5,,3190,33.5,35.8,20.5,63.4,1.68,20.5,60.2,66.8,48.8,55.3
AISC-W-W21X62,W,W21X62,W21X62,AISC-SHAPES,16.0,62,US_CUSTOMARY,18.3,1330,144,127,8.54,57.5,21.7,14,1.77,1.83,false,21,21,8.24,8.25,0.4,0.375,0.1875,0.615,0.625,1.12,1.3125,0.8125,18.375,5.5,,5960,42,53.2,24.6,71.2,2.15,20.4,65.1,73.3,50.2,58.5
AISC-W-W21X68,W,W21X68,W21X68,AISC-SHAPES,16.0,68,US_CUSTOMARY,20,1480,160,140,8.6,64.7,24.4,15.7,1.8,2.45,false,21.1,21.125,8.27,8.25,0.43,0.4375,0.25,0.685,0.6875,1.19,1.375,0.875,18.375,5.5,,6760,42.2,59.8,27.4,78.7,2.17,20.4,65.3,73.6,50.5,58.7
AISC-W-W21X73,W,W21X73,W21X73,AISC-SHAPES,16.0,73,US_CUSTOMARY,21.5,1600,172,151,8.64,70.6,26.6,17,1.81,3.02,false,21.2,21.25,8.3,8.25,0.455,0.4375,0.25,0.74,0.75,1.24,1.4375,0.875,18.375,5.5,,7410,42.5,65.2,29.7,85,2.19,20.5,65.5,73.8,50.7,59
AISC-W-W21X83,W,W21X83,W21X83,AISC-SHAPES,16.0,83,US_CUSTOMARY,24.4,1830,196,171,8.67,81.4,30.5,19.5,1.83,4.34,false,21.4,21.375,8.36,8.375,0.515,0.5,0.25,0.835,0.8125,1.34,1.5,0.875,18.375,5.5,,8630,43,75,33.7,96.8,2.21,20.6,66,74.4,51.2,59.5
AISC-W-W21X93,W,W21X93,W21X93,AISC-SHAPES,16.0,93,US_CUSTOMARY,27.3,2070,221,192,8.7,92.9,34.7,22.1,1.84,6.03,false,21.6,21.625,8.42,8.375,0.58,0.5625,0.3125,0.93,0.9375,1.43,1.625,0.9375,18.375,5.5,,9940,43.5,85.2,37.7,109,2.24,20.7,66.5,74.9,51.6,60
AISC-W-W24X103,W,W24X103,W24X103,AISC-SHAPES,16.0,103,US_CUSTOMARY,30.3,3000,280,245,10,119,41.5,26.5,1.99,7.07,false,24.5,24.5,9,9,0.55,0.5625,0.3125,0.98,1,1.48,2.25,1.5,20,5.5,,16600,52.9,117,48.7,139,2.4,23.5,74,83,58,67
AISC-W-W24X104,W,W24X104,W24X104,AISC-SHAPES,16.0,104,US_CUSTOMARY,30.7,3100,289,258,10.1,259,62.4,40.7,2.91,4.72,false,24.1,24,12.8,12.75,0.5,0.5,0.25,0.75,0.75,1.25,2.0625,1.4375,20,5.5,,35200,74.7,179,53.9,144,3.42,23.4,84.7,97.5,61,73.8
AISC-W-W24X117,W,W24X117,W24X117,AISC-SHAPES,16.0,117,US_CUSTOMARY,34.4,3540,327,291,10.1,297,71.4,46.5,2.94,6.72,false,24.3,24.25,12.8,12.75,0.55,0.5625,0.3125,0.85,0.875,1.35,2.125,1.5,20,5.5,,40800,75,204,61,163,3.46,23.5,85,97.8,61.4,74.2
AISC-W-W24X131,W,W24X131,W24X131,AISC-SHAPES,16.0,131,US_CUSTOMARY,38.6,4020,370,329,10.2,340,81.5,53,2.97,9.5,false,24.5,24.5,12.9,12.875,0.605,0.625,0.3125,0.96,0.9375,1.46,2.25,1.5,20,5.5,,47100,75.9,235,69.5,184,3.49,23.5,85.6,98.5,61.9,74.8
AISC-W-W24X146,W,W24X146,W24X146,AISC-SHAPES,16.0,146,US_CUSTOMARY,43,4580,418,371,10.3,391,93.2,60.5,3.01,13.4,false,24.7,24.75,12.9,12.875,0.65,0.625,0.3125,1.09,1.0625,1.59,2.375,1.5625,20,5.5,,54600,76.1,268,78.8,207,3.53,23.6,85.9,98.8,62.3,75.2
AISC-W-W24X162,W,W24X162,W24X162,AISC-SHAPES,16.0,162,US_CUSTOMARY,47.8,5170,468,414,10.4,443,105,68.4,3.05,18.5,false,25,25,13,13,0.705,0.6875,0.375,1.22,1.25,1.72,2.5,1.5625,20,5.5,,62600,77.3,306,89.2,233,3.57,23.8,86.7,99.7,63,76
AISC-W-W24X176,W,W24X176,W24X176,AISC-SHAPES,16.0,176,US_CUSTOMARY,51.7,5680,511,450,10.5,479,115,74.3,3.04,23.9,false,25.2,25.25,12.9,12.875,0.75,0.75,0.375,1.34,1.3125,1.84,2.625,1.5625,20,5.5,,68400,76.9,333,97.1,254,3.57,23.9,86.7,99.6,63.3,76.2
AISC-W-W24X192,W,W24X192,W24X192,AISC-SHAPES,16.0,192,US_CUSTOMARY,56.5,6260,559,491,10.5,530,126,81.8,3.07,30.8,false,25.5,25.5,13,13,0.81,0.8125,0.4375,1.46,1.4375,1.96,2.75,1.625,20,5.5,,76300,78.1,371,107,280,3.6,24,88,101,64,77
AISC-W-W24X207,W,W24X207,W24X207,AISC-SHAPES,16.0,207,US_CUSTOMARY,60.7,6820,606,531,10.6,578,137,88.8,3.08,38.3,false,25.7,25.75,13,13,0.87,0.875,0.4375,1.57,1.5625,2.07,2.875,1.625,20,5.5,,84100,78.4,400,115,302,3.62,24.1,88,101,64.4,77.4
AISC-W-W24X229,W,W24X229,W24X229,AISC-SHAPES,16.0,229,US_CUSTOMARY,67.2,7650,675,588,10.7,651,154,99.4,3.11,51.3,false,26,26,13.1,13.125,0.96,0.9375,0.5,1.73,1.75,2.23,3,1.6875,20,5.5,,96100,79.5,450,127,336,3.67,24.3,88.9,102,65.1,78.2
AISC-W-W24X250,W,W24X250,W24X250,AISC-SHAPES,16.0,250,US_CUSTOMARY,73.5,8490,744,644,10.7,724,171,110,3.14,66.6,false,26.3,26.375,13.2,13.125,1.04,1.0625,0.5625,1.89,1.875,2.39,3.125,1.75,20,5.5,,108000,80.6,502,140,370,3.71,24.4,88.8,102,65.8,79
AISC-W-W24X279,W,W24X279,W24X279,AISC-SHAPES,16.0,279,US_CUSTOMARY,81.9,9600,835,718,10.8,823,193,124,3.17,90.5,true,26.7,26.75,13.3,13.25,1.16,1.1875,0.625,2.09,2.0625,2.59,3.375,1.8125,20,5.5,,125000,81.8,569,156,416,3.76,24.6,89.7,103,66.7,80
AISC-W-W24X306,W,W24X306,W24X306,AISC-SHAPES,16.0,306,US_CUSTOMARY,89.7,10700,922,789,10.9,919,214,137,3.2,117,true,27.1,27.125,13.4,13.375,1.26,1.25,0.625,2.28,2.25,2.78,3.5625,1.8125,20,5.5,,142000,83.1,635,172,459,3.81,24.8,90.6,104,67.6,81
AISC-W-W24X335,W,W24X335,W24X335,AISC-SHAPES,16.0,335,US_CUSTOMARY,98.3,11900,1020,864,11,1030,238,152,3.23,152,true,27.5,27.5,13.5,13.5,1.38,1.375,0.6875,2.48,2.5,2.98,3.75,1.875,20,5.5,,161000,84.4,707,188,506,3.86,25,91.5,105,68.5,82
AISC-W-W24X370,W,W24X370,W24X370,AISC-SHAPES,16.0,370,US_CUSTOMARY,109,13400,1130,957,11.1,1160,267,170,3.27,201,true,28,28,13.7,13.625,1.52,1.5,0.75,2.72,2.75,3.22,4,2,20,5.5,,186000,86.6,807,209,568,3.92,25.3,93.3,107,69.7,83.4
AISC-W-W24X55,W,W24X55,W24X55,AISC-SHAPES,16.0,55,US_CUSTOMARY,16.2,1350,134,114,9.11,29.1,13.3,8.3,1.34,1.18,false,23.6,23.625,7.01,7,0.395,0.375,0.1875,0.505,0.5,1.01,1.4375,1,20.75,3.5,,3870,40.5,35.8,19.3,66.1,1.72,23.1,66.6,73.6,54.2,61.2
AISC-W-W24X62,W,W24X62,W24X62,AISC-SHAPES,16.0,62,US_CUSTOMARY,18.2,1550,153,131,9.23,34.5,15.7,9.8,1.38,1.71,false,23.7,23.75,7.04,7,0.43,0.4375,0.25,0.59,0.5625,1.09,1.5,1.0625,20.75,3.5,,4620,40.7,42.2,22.5,75.3,1.75,23.1,66.8,73.8,54.4,61.5
AISC-W-W24X68,W,W24X68,W24X68,AISC-SHAPES,16.0,68,US_CUSTOMARY,20.1,1830,177,154,9.55,70.4,24.5,15.7,1.87,1.87,false,23.7,23.75,8.97,9,0.415,0.4375,0.25,0.585,0.5625,1.09,1.875,1.4375,20,5.5,,9430,51.8,68,28.9,87,2.3,23.1,72.6,81.6,56.4,65.3
AISC-W-W24X76,W,W24X76,W24X76,AISC-SHAPES,16.0,76,US_CUSTOMARY,22.4,2100,200,176,9.69,82.5,28.6,18.4,1.92,2.68,false,23.9,23.875,8.99,9,0.44,0.4375,0.25,0.68,0.6875,1.18,1.9375,1.4375,20,5.5,,11100,52.2,79.8,33.8,98.9,2.33,23.2,73,82,56.8,65.8
AISC-W-W24X84,W,W24X84,W24X84,AISC-SHAPES,16.0,84,US_CUSTOMARY,24.7,2370,224,196,9.79,94.4,32.6,20.9,1.95,3.7,false,24.1,24.125,9.02,9,0.47,0.5,0.25,0.77,0.75,1.27,2.0625,1.4375,20,5.5,,12800,52.6,91.3,38.4,111,2.37,23.3,73.5,82.5,57.2,66.2
AISC-W-W24X94,W,W24X94,W24X94,AISC-SHAPES,16.0,94,US_CUSTOMARY,27.7,2700,254,222,9.87,109,37.5,24,1.98,5.26,false,24.3,24.25,9.07,9.125,0.515,0.5,0.25,0.875,0.875,1.38,2.125,1.4375,20,5.5,,15000,53.1,105,43.8,126,2.4,23.4,73.9,83,57.7,66.7
AISC-W-W27X102,W,W27X102,W27X102,AISC-SHAPES,16.0,102,US_CUSTOMARY,30,3620,305,267,11,139,43.4,27.8,2.15,5.28,false,27.1,27.125,10,10,0.515,0.5,0.25,0.83,0.8125,1.43,2.0625,1.4375,23,5.5,,24000,65.7,136,51.7,151,2.62,26.3,82.1,92.1,64.2,74.2
AISC-W-W27X114,W,W27X114,W27X114,AISC-SHAPES,16.0,114,US_CUSTOMARY,33.6,4080,343,299,11,159,49.3,31.5,2.18,7.33,false,27.3,27.25,10.1,10.125,0.57,0.5625,0.3125,0.93,0.9375,1.53,2.125,1.5,23,5.5,,27600,66.6,156,58.4,170,2.65,26.4,82.7,92.8,64.7,74.8
AISC-W-W27X129,W,W27X129,W27X129,AISC-SHAPES,16.0,129,US_CUSTOMARY,37.8,4760,395,345,11.2,184,57.6,36.8,2.21,11.1,false,27.6,27.625,10,10,0.61,0.625,0.3125,1.1,1.125,1.7,2.3125,1.5,23,5.5,,32500,66.3,182,68.4,195,2.66,26.5,83,93,65.2,75.2
AISC-W-W27X146,W,W27X146,W27X146,AISC-SHAPES,16.0,146,US_CUSTOMARY,43.2,5660,464,414,11.5,443,97.7,63.5,3.2,11.3,false,27.4,27.375,14,14,0.605,0.625,0.3125,0.975,1,1.76,2.1875,1.5,23,5.5,,77200,92.5,316,86.3,229,3.76,26.4,94,108,68.8,82.8
AISC-W-W27X161,W,W27X161,W27X161,AISC-SHAPES,16.0,161,US_CUSTOMARY,47.6,6310,515,458,11.5,497,109,70.9,3.23,15.1,false,27.6,27.625,14,14,0.66,0.6875,0.375,1.08,1.0625,1.87,2.3125,1.5625,23,5.5,,87300,92.8,351,95.5,254,3.79,26.5,95,109,69.2,83.2
AISC-W-W27X178,W,W27X178,W27X178,AISC-SHAPES,16.0,178,US_CUSTOMARY,52.5,7020,570,505,11.6,555,122,78.8,3.25,20.1,false,27.8,27.75,14.1,14.125,0.725,0.75,0.375,1.19,1.1875,1.98,2.375,1.5625,23,5.5,,98400,93.8,393,106,282,3.83,26.6,94.9,109,69.7,83.8
AISC-W-W27X194,W,W27X194,W27X194,AISC-SHAPES,16.0,194,US_CUSTOMARY,57.1,7860,631,559,11.7,619,136,88.1,3.29,27.1,false,28.1,28.125,14,14,0.75,0.75,0.375,1.34,1.3125,2.13,2.5625,1.5625,23,5.5,,111000,93.7,439,119,312,3.85,26.8,95,109,70.2,84.2
AISC-W-W27X217,W,W27X217,W27X217,AISC-SHAPES,16.0,217,US_CUSTOMARY,63.9,8910,711,627,11.8,704,154,100,3.32,37.6,false,28.4,28.375,14.1,14.125,0.83,0.8125,0.4375,1.5,1.5,2.29,2.6875,1.625,23,5.5,,128000,94.8,501,134,351,3.89,26.9,95.9,110,70.9,85
AISC-W-W27X235,W,W27X235,W27X235,AISC-SHAPES,16.0,235,US_CUSTOMARY,69.4,9700,772,677,11.8,769,168,108,3.33,47,false,28.7,28.625,14.2,14.25,0.91,0.9375,0.5,1.61,1.625,2.4,2.875,1.6875,23,5.5,,141000,96.2,550,145,384,3.92,27.1,96.8,111,71.6,85.8
AISC-W-W27X258,W,W27X258,W27X258,AISC-SHAPES,16.0,258,US_CUSTOMARY,76.1,10800,852,745,11.9,859,187,120,3.36,61.6,false,29,29,14.3,14.25,0.98,1,0.5,1.77,1.75,2.56,3,1.6875,23,5.5,,159000,97.3,616,160,424,3.96,27.2,97.7,112,72.3,86.6
AISC-W-W27X281,W,W27X281,W27X281,AISC-SHAPES,16.0,281,US_CUSTOMARY,83.1,11900,936,814,12,953,206,133,3.39,79.5,false,29.3,29.25,14.4,14.375,1.06,1.0625,0.5625,1.93,1.9375,2.72,3.125,1.75,23,5.5,,178000,98.5,685,176,466,4,27.4,98.6,113,73,87.4
AISC-W-W27X307,W,W27X307,W27X307,AISC-SHAPES,16.0,307,US_CUSTOMARY,90.2,13100,1030,887,12,1050,227,146,3.41,101,true,29.6,29.625,14.4,14.5,1.16,1.1875,0.625,2.09,2.0625,2.88,3.3125,1.8125,23,5.5,,199000,99,745,190,508,4.04,27.5,98.6,113,73.6,88
AISC-W-W27X336,W,W27X336,W27X336,AISC-SHAPES,16.0,336,US_CUSTOMARY,99.2,14600,1130,972,12.1,1180,252,162,3.45,131,true,30,30,14.6,14.5,1.26,1.25,0.625,2.28,2.25,3.07,3.5,1.8125,23,5.5,,226000,101,842,211,563,4.1,27.7,100,115,74.6,89.2
AISC-W-W27X368,W,W27X368,W27X368,AISC-SHAPES,16.0,368,US_CUSTOMARY,109,16200,1240,1060,12.2,1310,279,179,3.48,170,true,30.4,30.375,14.7,14.625,1.38,1.375,0.6875,2.48,2.5,3.27,3.6875,1.875,23,5.5,,255000,103,935,231,621,4.15,27.9,100,115,75.5,90.2
AISC-W-W27X539,W,W27X539,W27X539,AISC-SHAPES,16.0,539,US_CUSTOMARY,159,25600,1890,1570,12.7,2110,437,277,3.65,496,true,32.5,32.5,15.3,15.25,1.97,2,1,3.54,3.5625,4.33,4.4375,1.8125,23,5.5,,443000,111,1500,342,943,4.41,29,106,121,80.3,95.6
AISC-W-W27X84,W,W27X84,W27X84,AISC-SHAPES,16.0,84,US_CUSTOMARY,24.7,2850,244,213,10.7,106,33.2,21.2,2.07,2.81,false,26.7,26.75,10,10,0.46,0.4375,0.25,0.64,0.625,1.24,1.875,1.4375,23,5.5,,17900,65.2,104,39.8,121,2.54,26.1,81.5,91.5,63.4,73.4
AISC-W-W27X94,W,W27X94,W27X94,AISC-SHAPES,16.0,94,US_CUSTOMARY,27.6,3270,278,243,10.9,124,38.8,24.8,2.12,4.03,false,26.9,26.875,10,10,0.49,0.5,0.25,0.745,0.75,1.34,1.9375,1.4375,23,5.5,,21300,65.4,122,46.3,137,2.59,26.2,81.8,91.8,63.8,73.8
AISC-W-W30X108,W,W30X108,W30X108,AISC-SHAPES,16.0,108,US_CUSTOMARY,31.7,4470,346,299,11.9,146,43.9,27.9,2.15,4.99,false,29.8,29.875,10.5,10.5,0.545,0.5625,0.3125,0.76,0.75,1.41,2,1.5,25.75,5.5,,30900,76.2,152,54.9,170,2.67,29,88.9,99.4,70.1,80.6
AISC-W-W30X116,W,W30X116,W30X116,AISC-SHAPES,16.0,116,US_CUSTOMARY,34.2,4930,378,329,12,164,49.2,31.3,2.19,6.43,false,30,30,10.5,10.5,0.565,0.5625,0.3125,0.85,0.875,1.5,2.125,1.5,25.75,5.5,,34900,76.5,171,61.5,187,2.7,29.2,89.3,99.8,70.5,81
AISC-W-W30X124,W,W30X124,W30X124,AISC-SHAPES,16.0,124,US_CUSTOMARY,36.5,5360,408,355,12.1,181,54,34.4,2.23,7.99,false,30.2,30.125,10.5,10.5,0.585,0.5625,0.3125,0.93,0.9375,1.58,2.25,1.5,25.75,5.5,,38600,76.8,188,67.5,202,2.73,29.3,89.5,100,70.9,81.4
AISC-W-W30X132,W,W30X132,W30X132,AISC-SHAPES,16.0,132,US_CUSTOMARY,38.8,5770,437,380,12.2,196,58.4,37.2,2.25,9.72,false,30.3,30.25,10.5,10.5,0.615,0.625,0.3125,1,1,1.65,2.25,1.5,25.75,5.5,,42100,76.9,202,72.4,215,2.75,29.3,89.5,100,71.1,81.6
AISC-W-W30X148,W,W30X148,W30X148,AISC-SHAPES,16.0,148,US_CUSTOMARY,43.6,6680,500,436,12.4,227,68,43.3,2.28,14.5,false,30.7,30.625,10.5,10.5,0.65,0.625,0.3125,1.18,1.1875,1.83,2.5,1.5625,25.75,5.5,,49400,77.5,240,85.8,248,2.77,29.5,90.5,101,71.9,82.4
AISC-W-W30X173,W,W30X173,W30X173,AISC-SHAPES,16.0,173,US_CUSTOMARY,50.9,8230,607,541,12.7,598,123,79.8,3.42,15.6,false,30.4,30.5,15,15,0.655,0.625,0.3125,1.07,1.0625,1.85,2.3125,1.5625,25.75,5.5,3,129000,110,441,113,301,4.03,29.3,103,118,75.8,90.8
AISC-W-W30X191,W,W30X191,W30X191,AISC-SHAPES,16.0,191,US_CUSTOMARY,56.1,9200,675,600,12.8,673,138,89.5,3.46,21,false,30.7,30.625,15,15,0.71,0.6875,0.375,1.19,1.1875,1.97,2.5,1.5625,25.75,5.5,3,146000,111,494,125,335,4.06,29.5,104,119,76.4,91.4
AISC-W-W30X211,W,W30X211,W30X211,AISC-SHAPES,16.0,211,US_CUSTOMARY,62.3,10300,751,665,12.9,757,155,100,3.49,28.4,false,30.9,31,15.1,15.125,0.775,0.75,0.375,1.32,1.3125,2.1,2.5625,1.625,25.75,5.5,3,166000,112,556,140,372,4.11,29.6,104,119,76.9,92
AISC-W-W30X235,W,W30X235,W30X235,AISC-SHAPES,16.0,235,US_CUSTOMARY,69.3,11700,847,748,13,855,175,114,3.51,40.3,false,31.3,31.25,15.1,15,0.83,0.8125,0.4375,1.5,1.5,2.29,2.75,1.625,25.75,5.5,3,190000,112,637,159,421,4.13,29.8,105,120,77.7,92.8
AISC-W-W30X261,W,W30X261,W30X261,AISC-SHAPES,16.0,261,US_CUSTOMARY,77,13100,943,829,13.1,959,196,127,3.53,54.1,false,31.6,31.625,15.2,15.125,0.93,0.9375,0.5,1.65,1.625,2.44,2.9375,1.6875,25.75,5.5,3,215000,114,714,176,469,4.16,30,106,121,78.4,93.6
AISC-W-W30X292,W,W30X292,W30X292,AISC-SHAPES,16.0,292,US_CUSTOMARY,86,14900,1060,930,13.2,1100,223,144,3.58,75.2,false,32,32,15.3,15.25,1.02,1,0.5,1.85,1.875,2.64,3.125,1.75,25.75,5.5,3,250000,115,816,199,529,4.22,30.2,107,122,79.3,94.6
AISC-W-W30X326,W,W30X326,W30X326,AISC-SHAPES,16.0,326,US_CUSTOMARY,95.9,16800,1190,1040,13.2,1240,252,162,3.6,103,true,32.4,32.375,15.4,15.375,1.14,1.125,0.5625,2.05,2.0625,2.84,3.3125,1.75,25.75,5.5,3,287000,117,922,222,593,4.26,30.4,108,123,80.2,95.6
AISC-W-W30X357,W,W30X357,W30X357,AISC-SHAPES,16.0,357,US_CUSTOMARY,105,18700,1320,1140,13.3,1390,279,179,3.64,134,true,32.8,32.75,15.5,15.5,1.24,1.25,0.625,2.24,2.25,3.03,3.5,1.8125,25.75,5.5,3,324000,118,1030,244,655,4.31,30.6,108,124,81.1,96.6
AISC-W-W30X391,W,W30X391,W30X391,AISC-SHAPES,16.0,391,US_CUSTOMARY,115,20700,1450,1250,13.4,1550,310,198,3.67,173,true,33.2,33.25,15.6,15.625,1.36,1.375,0.6875,2.44,2.4375,3.23,3.75,1.875,25.75,5.5,3,366000,120,1140,267,722,4.37,30.8,109,125,82,97.6
AISC-W-W30X90,W,W30X90,W30X90,AISC-SHAPES,16.0,90,US_CUSTOMARY,26.3,3610,283,245,11.7,115,34.7,22.1,2.09,2.84,false,29.5,29.5,10.4,10.375,0.47,0.5,0.25,0.61,0.625,1.26,1.875,1.4375,25.75,5.5,,24000,75.1,119,43.7,139,2.6,28.9,88.1,98.5,69.4,79.8
AISC-W-W30X99,W,W30X99,W30X99,AISC-SHAPES,16.0,99,US_CUSTOMARY,29,3990,312,269,11.7,128,38.6,24.5,2.1,3.77,false,29.7,29.625,10.5,10.5,0.52,0.5,0.25,0.67,0.6875,1.32,2,1.5,25.75,5.5,,26800,76.2,134,48.5,154,2.62,29,88.7,99.2,69.9,80.4
AISC-W-W33X118,W,W33X118,W33X118,AISC-SHAPES,16.0,118,US_CUSTOMARY,34.7,5900,415,359,13,187,51.3,32.6,2.32,5.3,false,32.9,32.875,11.5,11.5,0.55,0.5625,0.3125,0.74,0.75,1.44,2,1.5,28.875,5.5,,48300,92.5,197,65.1,205,2.89,32.2,97.5,109,77.3,88.8
AISC-W-W33X130,W,W33X130,W33X130,AISC-SHAPES,16.0,130,US_CUSTOMARY,38.3,6710,467,406,13.2,218,59.5,37.9,2.39,7.37,false,33.1,33.125,11.5,11.5,0.58,0.5625,0.3125,0.855,0.875,1.56,2.125,1.5,28.875,5.5,,56600,92.7,228,75.3,230,2.94,32.2,98.5,110,77.7,89.2
AISC-W-W33X141,W,W33X141,W33X141,AISC-SHAPES,16.0,141,US_CUSTOMARY,41.5,7450,514,448,13.4,246,66.9,42.7,2.43,9.7,false,33.3,33.25,11.5,11.5,0.605,0.625,0.3125,0.96,0.9375,1.66,2.1875,1.5,28.875,5.5,,64400,93,257,84.6,253,2.98,32.3,98.5,110,78.1,89.6
AISC-W-W33X152,W,W33X152,W33X152,AISC-SHAPES,16.0,152,US_CUSTOMARY,44.9,8160,559,487,13.5,273,73.9,47.2,2.47,12.4,false,33.5,33.5,11.6,11.625,0.635,0.625,0.3125,1.06,1.0625,1.76,2.3125,1.5,28.875,5.5,,71700,94.1,289,94.3,278,3.01,32.4,99.4,111,78.6,90.2
AISC-W-W33X169,W,W33X169,W33X169,AISC-SHAPES,16.0,169,US_CUSTOMARY,49.5,9290,629,549,13.7,310,84.4,53.9,2.5,17.7,false,33.8,33.875,11.5,11.5,0.67,0.6875,0.375,1.22,1.25,1.92,2.4375,1.5625,28.875,5.5,,82400,93.7,329,108,311,3.03,32.6,99.5,111,79.1,90.6
AISC-W-W33X201,W,W33X201,W33X201,AISC-SHAPES,16.0,201,US_CUSTOMARY,59.1,11600,773,686,14,749,147,95.2,3.56,20.8,false,33.7,33.625,15.7,15.75,0.715,0.6875,0.375,1.15,1.125,1.94,2.4375,1.5625,28.875,5.5,3,198000,128,577,140,382,4.21,32.6,111,127,83.1,98.8
AISC-W-W33X221,W,W33X221,W33X221,AISC-SHAPES,16.0,221,US_CUSTOMARY,65.3,12900,857,759,14.1,840,164,106,3.59,27.8,false,33.9,33.875,15.8,15.75,0.775,0.75,0.375,1.28,1.25,2.06,2.5,1.625,28.875,5.5,3,224000,129,647,156,423,4.25,32.6,112,128,83.6,99.4
AISC-W-W33X241,W,W33X241,W33X241,AISC-SHAPES,16.0,241,US_CUSTOMARY,71.1,14200,940,831,14.1,933,182,118,3.62,36.2,false,34.2,34.125,15.9,15.875,0.83,0.8125,0.4375,1.4,1.375,2.19,2.6875,1.625,28.875,5.5,3,251000,130,726,173,467,4.29,32.8,113,129,84.3,100
AISC-W-W33X263,W,W33X263,W33X263,AISC-SHAPES,16.0,263,US_CUSTOMARY,77.4,15900,1040,919,14.3,1040,202,131,3.66,48.7,false,34.5,34.5,15.8,15.75,0.87,0.875,0.4375,1.57,1.5625,2.36,2.8125,1.625,28.875,5.5,3,281000,130,807,193,515,4.31,32.9,113,129,84.8,101
AISC-W-W33X291,W,W33X291,W33X291,AISC-SHAPES,16.0,291,US_CUSTOMARY,85.6,17700,1160,1020,14.4,1160,226,146,3.68,65.1,false,34.8,34.875,15.9,15.875,0.96,0.9375,0.5,1.73,1.75,2.52,2.9375,1.6875,28.875,5.5,3,319000,131,904,214,573,4.34,33.1,114,130,85.5,101
AISC-W-W33X318,W,W33X318,W33X318,AISC-SHAPES,16.0,318,US_CUSTOMARY,93.7,19500,1270,1110,14.5,1290,250,161,3.71,84.4,false,35.2,35.125,16,16,1.04,1.0625,0.5625,1.89,1.875,2.68,3.1875,1.75,28.875,5.5,3,357000,133,1010,235,632,4.4,33.3,115,131,86.4,102
AISC-W-W33X354,W,W33X354,W33X354,AISC-SHAPES,16.0,354,US_CUSTOMARY,104,22000,1420,1240,14.5,1460,282,181,3.74,115,true,35.6,35.5,16.1,16.125,1.16,1.1875,0.625,2.09,2.0625,2.88,3.375,1.8125,28.875,5.5,3,408000,135,1130,262,707,4.44,33.5,116,132,87.3,103
AISC-W-W33X387,W,W33X387,W33X387,AISC-SHAPES,16.0,387,US_CUSTOMARY,114,24300,1560,1350,14.6,1620,312,200,3.77,148,true,36,36,16.2,16.25,1.26,1.25,0.625,2.28,2.25,3.07,3.5625,1.8125,28.875,5.5,3,459000,137,1260,287,778,4.49,33.7,117,133,88.2,104
AISC-W-W36X135,W,W36X135,W36X135,AISC-SHAPES,16.0,135,US_CUSTOMARY,39.9,7800,509,439,14,225,59.7,37.7,2.38,7,false,35.6,35.5,12,12,0.6,0.625,0.3125,0.79,0.8125,1.54,2.0625,1.5,31.5,5.5,,68100,104,245,77.9,251,2.99,34.8,105,117,83.2,95.2
AISC-W-W36X150,W,W36X150,W36X150,AISC-SHAPES,16.0,150,US_CUSTOMARY,44.3,9040,581,504,14.3,270,70.9,45.1,2.47,10.1,false,35.9,35.875,12,12,0.625,0.625,0.3125,0.94,0.9375,1.69,2.1875,1.5,31.5,5.5,,82200,105,294,93.1,287,3.06,35,105,117,83.8,95.8
AISC-W-W36X160,W,W36X160,W36X160,AISC-SHAPES,16.0,160,US_CUSTOMARY,47,9760,624,542,14.4,295,77.3,49.1,2.5,12.4,false,36,36,12,12,0.65,0.625,0.3125,1.02,1,1.77,2.25,1.5625,31.5,5.5,,90200,105,321,101,308,3.09,35,105,117,84,96
AISC-W-W36X170,W,W36X170,W36X170,AISC-SHAPES,16.0,170,US_CUSTOMARY,50,10500,668,581,14.5,320,83.8,53.2,2.53,15.1,false,36.2,36.125,12,12,0.68,0.6875,0.375,1.1,1.125,1.85,2.375,1.5625,31.5,5.5,,98500,105,349,109,330,3.11,35.1,106,118,84.4,96.4
AISC-W-W36X182,W,W36X182,W36X182,AISC-SHAPES,16.0,182,US_CUSTOMARY,53.6,11300,718,623,14.5,347,90.7,57.6,2.55,18.5,false,36.3,36.375,12.1,12.125,0.725,0.75,0.375,1.18,1.1875,1.93,2.375,1.5625,31.5,5.5,,107000,106,378,118,355,3.13,35.1,106,118,84.7,96.8
AISC-W-W36X194,W,W36X194,W36X194,AISC-SHAPES,16.0,194,US_CUSTOMARY,57,12100,767,664,14.6,375,97.7,61.9,2.56,22.2,false,36.5,36.5,12.1,12.125,0.765,0.75,0.375,1.26,1.25,2.01,2.5,1.5625,31.5,5.5,,116000,107,407,126,379,3.15,35.2,107,119,85.1,97.2
AISC-W-W36X210,W,W36X210,W36X210,AISC-SHAPES,16.0,210,US_CUSTOMARY,61.9,13200,833,719,14.6,411,107,67.5,2.58,28,false,36.7,36.75,12.2,12.125,0.83,0.8125,0.4375,1.36,1.375,2.11,2.625,1.625,31.5,5.5,,128000,108,446,136,412,3.18,35.3,107,119,85.6,97.8
AISC-W-W36X231,W,W36X231,W36X231,AISC-SHAPES,16.0,231,US_CUSTOMARY,68.2,15600,963,854,15.1,940,176,114,3.71,28.7,false,36.5,36.5,16.5,16.5,0.76,0.75,0.375,1.26,1.25,2.21,2.5625,1.5625,31.375,7.5,3,292000,145,756,175,476,4.4,35.2,120,136,89.5,106
AISC-W-W36X232,W,W36X232,W36X232,AISC-SHAPES,16.0,232,US_CUSTOMARY,68,15000,936,809,14.8,468,122,77.2,2.62,39.6,false,37.1,37.125,12.1,12.125,0.87,0.875,0.4375,1.57,1.5625,2.32,2.8125,1.625,31.5,5.5,,148000,108,512,157,464,3.21,35.5,108,120,86.3,98.4
AISC-W-W36X247,W,W36X247,W36X247,AISC-SHAPES,16.0,247,US_CUSTOMARY,72.5,16700,1030,913,15.2,1010,190,123,3.74,34.7,false,36.7,36.625,16.5,16.5,0.8,0.8125,0.4375,1.35,1.375,2.3,2.625,1.625,31.375,7.5,3,316000,146,812,187,509,4.42,35.4,120,136,89.9,106
AISC-W-W36X256,W,W36X256,W36X256,AISC-SHAPES,16.0,256,US_CUSTOMARY,75.3,16800,1040,895,14.9,528,137,86.5,2.65,52.9,false,37.4,37.375,12.2,12.25,0.96,0.9375,0.5,1.73,1.75,2.48,2.9375,1.6875,31.5,5.5,,168000,109,576,174,516,3.24,35.7,108,120,87,99.2
AISC-W-W36X262,W,W36X262,W36X262,AISC-SHAPES,16.0,262,US_CUSTOMARY,77.2,17900,1100,972,15.3,1090,204,132,3.76,41.6,false,36.9,36.875,16.6,16.5,0.84,0.8125,0.4375,1.44,1.4375,2.39,2.75,1.625,31.375,7.5,3,342000,147,873,200,543,4.46,35.5,120,137,90.4,107
AISC-W-W36X282,W,W36X282,W36X282,AISC-SHAPES,16.0,282,US_CUSTOMARY,82.9,19600,1190,1050,15.4,1200,223,144,3.8,52.7,false,37.1,37.125,16.6,16.625,0.885,0.875,0.4375,1.57,1.5625,2.52,2.875,1.625,31.375,7.5,3,378000,147,960,219,591,4.5,35.5,120,137,90.8,107
AISC-W-W36X286,W,W36X286,W36X286,AISC-SHAPES,16.0,286,US_CUSTOMARY,83.9,18900,1160,1000,15,602,156,97.9,2.68,72.8,false,37.8,37.75,12.3,12.25,1.06,1.0625,0.5625,1.93,1.9375,2.68,3.125,1.75,31.5,5.5,,194000,110,655,195,578,3.29,35.9,109,121,87.9,100
AISC-W-W36X302,W,W36X302,W36X302,AISC-SHAPES,16.0,302,US_CUSTOMARY,89,21100,1280,1130,15.4,1300,241,156,3.82,64.3,false,37.3,37.375,16.7,16.625,0.945,0.9375,0.5,1.68,1.6875,2.63,3,1.6875,31.375,7.5,3,412000,148,1040,235,635,4.53,35.6,121,138,91.3,108
AISC-W-W36X318,W,W36X318,W36X318,AISC-SHAPES,16.0,318,US_CUSTOMARY,93.4,21200,1300,1110,15.1,682,176,110,2.7,98.3,true,38.2,38.25,12.4,12.375,1.18,1.1875,0.625,2.13,2.125,2.88,3.375,1.8125,31.5,5.5,,222000,112,738,216,646,3.33,36.1,110,122,88.8,101
AISC-W-W36X330,W,W36X330,W36X330,AISC-SHAPES,16.0,330,US_CUSTOMARY,96.9,23300,1410,1240,15.5,1420,265,171,3.83,84.3,false,37.7,37.625,16.6,16.625,1.02,1,0.5,1.85,1.875,2.8,3.125,1.75,31.375,7.5,3,456000,149,1150,259,698,4.53,35.9,121,138,92,109
AISC-W-W36X350,W,W36X350,W36X350,AISC-SHAPES,16.0,350,US_CUSTOMARY,103,23600,1440,1220,15.1,780,199,124,2.75,129,true,38.6,38.625,12.6,12.625,1.3,1.3125,0.6875,2.32,2.3125,3.07,3.5625,1.875,31.5,5.5,,257000,114,835,238,718,3.41,36.3,111,124,89.8,102
AISC-W-W36X361,W,W36X361,W36X361,AISC-SHAPES,16.0,361,US_CUSTOMARY,106,25700,1550,1350,15.6,1570,293,188,3.85,109,true,38,38,16.7,16.75,1.12,1.125,0.5625,2.01,2,2.96,3.3125,1.75,31.375,7.5,3,509000,150,1270,282,767,4.58,36,122,139,92.7,109
AISC-W-W36X387,W,W36X387,W36X387,AISC-SHAPES,16.0,387,US_CUSTOMARY,114,26500,1610,1360,15.2,882,224,139,2.78,172,true,39.1,39.125,12.7,12.75,1.42,1.4375,0.75,2.56,2.5625,3.31,3.8125,1.9375,31.5,5.5,,294000,116,943,264,799,3.44,36.5,112,125,90.9,104
AISC-W-W36X395,W,W36X395,W36X395,AISC-SHAPES,16.0,395,US_CUSTOMARY,116,28500,1710,1490,15.7,1750,325,208,3.88,142,true,38.4,38.375,16.8,16.875,1.22,1.25,0.625,2.2,2.1875,3.15,3.4375,1.8125,31.375,7.5,3,575000,152,1410,311,847,4.61,36.2,123,140,93.6,110
AISC-W-W36X441,W,W36X441,W36X441,AISC-SHAPES,16.0,441,US_CUSTOMARY,130,32100,1910,1650,15.7,1990,368,235,3.92,194,true,38.9,38.875,17,17,1.36,1.375,0.6875,2.44,2.4375,3.39,3.75,1.875,31.375,7.5,3,661000,154,1600,347,950,4.69,36.5,124,141,94.8,112
AISC-W-W36X487,W,W36X487,W36X487,AISC-SHAPES,16.0,487,US_CUSTOMARY,143,36000,2130,1830,15.8,2250,412,263,3.96,258,true,39.3,39.375,17.1,17.125,1.5,1.5,0.75,2.68,2.6875,3.63,4,1.875,31.375,7.5,3,754000,157,1800,383,1060,4.74,36.6,125,142,95.7,113
AISC-W-W36X529,W,W36X529,W36X529,AISC-SHAPES,16.0,529,US_CUSTOMARY,156,39600,2330,1990,16,2490,454,289,4,327,true,39.8,39.75,17.2,17.25,1.61,1.625,0.8125,2.91,2.9375,3.86,4.1875,2,31.375,7.5,3,846000,159,1990,419,1160,4.8,36.9,127,144,96.8,114
AISC-W-W36X652,W,W36X652,W36X652,AISC-SHAPES,16.0,652,US_CUSTOMARY,192,50600,2910,2460,16.2,3230,581,367,4.1,593,true,41.1,41,17.6,17.625,1.97,2,1,3.54,3.5625,4.49,4.8125,2.1875,31.375,7.5,3,1130000,165,2560,518,1450,4.96,37.6,129,147,99.8,117
AISC-W-W36X723,W,W36X723,W36X723,AISC-SHAPES,16.0,723,US_CUSTOMARY,213,57300,3270,2740,16.4,3700,658,416,4.17,785,true,41.8,41.75,17.8,17.75,2.17,2.1875,1.125,3.9,3.875,4.65,4.6875,1.875,32.375,7.5,3,1330000,169,2930,578,1630,5.06,37.9,131,149,101,119
AISC-W-W36X802,W,W36X802,W36X802,AISC-SHAPES,16.0,802,US_CUSTOMARY,236,64800,3660,3040,16.6,4210,744,468,4.22,1050,true,42.6,42.625,18,18,2.38,2.375,1.1875,4.29,4.3125,5.04,5.125,2,32.375,7.5,3,1540000,172,3330,642,1820,5.15,38.3,133,151,103,121
AISC-W-W36X853,W,W36X853,W36X853,AISC-SHAPES,16.0,853,US_CUSTOMARY,251,70000,3920,3250,16.7,4600,805,505,4.28,1240,true,43.1,43.125,18.2,18.25,2.52,2.5,1.25,4.53,4.5,5.28,5.375,2.0625,32.375,7.5,3,1710000,175,3620,685,1950,5.22,38.6,135,153,104,122
AISC-W-W36X925,W,W36X925,W36X925,AISC-SHAPES,16.0,925,US_CUSTOMARY,272,73000,4130,3390,16.4,4940,862,531,4.26,1430,true,43.1,43.125,18.6,18.625,3.02,3,1.5,4.53,4.5,5.28,5.375,2.3125,32.375,7.5,3,1840000,179,3780,681,2060,5.3,38.6,134,153,105,124
AISC-W-W40X149,W,W40X149,W40X149,AISC-SHAPES,16.0,149,US_CUSTOMARY,43.8,9800,598,513,15,229,62.2,38.8,2.29,9.36,false,38.2,38.25,11.8,11.75,0.63,0.625,0.3125,0.83,0.8125,2.01,2.125,1.5,34,7.5,,80000,110,270,86.7,288,2.89,37.4,108,120,88.2,100
AISC-W-W40X167,W,W40X167,W40X167,AISC-SHAPES,16.0,167,US_CUSTOMARY,49.3,11600,693,600,15.3,283,76,47.9,2.4,14,false,38.6,38.625,11.8,11.75,0.65,0.625,0.3125,1.03,1,2.21,2.3125,1.5625,34,7.5,,99700,111,336,107,336,2.98,37.6,109,121,89,101
AISC-W-W40X183,W,W40X183,W40X183,AISC-SHAPES,16.0,183,US_CUSTOMARY,53.3,13200,774,675,15.7,331,88.3,56,2.49,19.3,false,39,39,11.8,11.75,0.65,0.625,0.3125,1.2,1.1875,2.38,2.5,1.5625,34,7.5,,118000,112,395,126,376,3.04,37.8,110,122,89.8,102
AISC-W-W40X199,W,W40X199,W40X199,AISC-SHAPES,16.0,199,US_CUSTOMARY,58.8,14900,869,770,16,695,137,88.2,3.45,18.3,false,38.7,38.625,15.8,15.75,0.65,0.625,0.3125,1.07,1.0625,2.25,2.3125,1.5625,34,7.5,3,246000,149,628,153,427,4.12,37.6,121,137,93.2,109
AISC-W-W40X211,W,W40X211,W40X211,AISC-SHAPES,16.0,211,US_CUSTOMARY,62.1,15500,906,786,15.8,390,105,66.1,2.51,30.4,false,39.4,39.375,11.8,11.75,0.75,0.75,0.375,1.42,1.4375,2.6,2.6875,1.5625,34,7.5,,141000,112,468,148,442,3.07,38,110,122,90.6,102
AISC-W-W40X215,W,W40X215,W40X215,AISC-SHAPES,16.0,215,US_CUSTOMARY,63.5,16700,964,859,16.2,803,156,101,3.54,24.8,false,39,39,15.8,15.75,0.65,0.625,0.3125,1.22,1.25,2.4,2.5,1.5625,34,7.5,3,284000,149,719,175,473,4.19,37.8,122,138,93.8,110
AISC-W-W40X235,W,W40X235,W40X235,AISC-SHAPES,16.0,235,US_CUSTOMARY,69.1,17400,1010,875,15.9,444,118,74.6,2.54,41.3,false,39.7,39.75,11.9,11.875,0.83,0.8125,0.4375,1.58,1.5625,2.76,2.875,1.625,34,7.5,,161000,113,530,166,495,3.11,38.1,111,123,91.3,103
AISC-W-W40X249,W,W40X249,W40X249,AISC-SHAPES,16.0,249,US_CUSTOMARY,73.5,19600,1120,993,16.3,926,182,118,3.55,38.1,false,39.4,39.375,15.8,15.75,0.75,0.75,0.375,1.42,1.4375,2.6,2.6875,1.5625,34,7.5,3,334000,150,841,203,551,4.21,38,122,138,94.6,110
AISC-W-W40X264,W,W40X264,W40X264,AISC-SHAPES,16.0,264,US_CUSTOMARY,77.4,19400,1130,971,15.8,493,132,82.6,2.52,56.1,false,40,40,11.9,11.875,0.96,0.9375,0.5,1.73,1.75,2.91,3,1.6875,34,7.5,,181000,114,589,182,555,3.12,38.3,112,124,91.9,104
AISC-W-W40X277,W,W40X277,W40X277,AISC-SHAPES,16.0,277,US_CUSTOMARY,81.5,21900,1250,1100,16.4,1040,204,132,3.58,51.5,false,39.7,39.75,15.8,15.875,0.83,0.8125,0.4375,1.58,1.5625,2.76,2.875,1.625,34,7.5,3,379000,151,940,225,614,4.25,38.1,123,139,95.2,111
AISC-W-W40X278,W,W40X278,W40X278,AISC-SHAPES,16.0,278,US_CUSTOMARY,82.3,20500,1190,1020,15.8,521,140,87.1,2.52,65,false,40.2,40.125,12,12,1.03,1,0.5,1.81,1.8125,2.99,3.0625,1.75,34,7.5,,192000,115,622,190,587,3.13,38.4,112,124,92.4,104
AISC-W-W40X294,W,W40X294,W40X294,AISC-SHAPES,16.0,294,US_CUSTOMARY,86.2,21900,1270,1080,15.9,562,150,93.5,2.55,76.6,false,40.4,40.375,12,12,1.06,1.0625,0.5625,1.93,1.9375,3.11,3.1875,1.75,34,7.5,,208000,115,668,203,622,3.16,38.5,113,125,92.8,105
AISC-W-W40X297,W,W40X297,W40X297,AISC-SHAPES,16.0,297,US_CUSTOMARY,87.3,23200,1330,1170,16.3,1090,215,138,3.54,61.2,false,39.8,39.875,15.8,15.875,0.93,0.9375,0.5,1.65,1.625,2.83,2.9375,1.6875,34,7.5,3,399000,151,982,234,652,4.22,38.2,123,139,95.4,111
AISC-W-W40X324,W,W40X324,W40X324,AISC-SHAPES,16.0,324,US_CUSTOMARY,95.3,25600,1460,1280,16.4,1220,239,153,3.58,79.4,false,40.2,40.125,15.9,15.875,1,1,0.5,1.81,1.8125,2.99,3.0625,1.6875,34,7.5,3,448000,153,1100,259,720,4.27,38.4,124,140,96.3,112
AISC-W-W40X327,W,W40X327,W40X327,AISC-SHAPES,16.0,327,US_CUSTOMARY,95.9,24500,1410,1200,16,640,170,105,2.58,103,true,40.8,40.75,12.1,12.125,1.18,1.1875,0.625,2.13,2.125,3.31,3.375,1.8125,34,7.5,,239000,117,754,225,695,3.21,38.7,114,126,93.7,106
AISC-W-W40X331,W,W40X331,W40X331,AISC-SHAPES,16.0,331,US_CUSTOMARY,97.7,24700,1430,1210,15.9,644,172,106,2.57,105,true,40.8,40.75,12.2,12.125,1.22,1.25,0.625,2.13,2.125,3.31,3.375,1.8125,34,7.5,,241000,118,766,226,706,3.21,38.7,114,126,93.8,106
AISC-W-W40X362,W,W40X362,W40X362,AISC-SHAPES,16.0,362,US_CUSTOMARY,106,28900,1640,1420,16.5,1380,270,173,3.6,109,true,40.6,40.5,16,16,1.12,1.125,0.5625,2.01,2,3.19,3.25,1.75,34,7.5,3,513000,154,1240,289,808,4.33,38.6,125,141,97.2,113
AISC-W-W40X372,W,W40X372,W40X372,AISC-SHAPES,16.0,372,US_CUSTOMARY,110,29600,1680,1460,16.5,1420,277,177,3.6,116,true,40.6,40.625,16.1,16.125,1.16,1.1875,0.625,2.05,2.0625,3.23,3.3125,1.8125,34,7.5,3,528000,155,1280,295,829,4.33,38.6,125,141,97.3,113
AISC-W-W40X392,W,W40X392,W40X392,AISC-SHAPES,16.0,392,US_CUSTOMARY,116,29900,1710,1440,16.1,803,212,130,2.64,172,true,41.6,41.625,12.4,12.375,1.42,1.4375,0.75,2.52,2.5,3.7,3.8125,1.9375,34,7.5,,306000,121,946,270,848,3.3,39.1,116,128,95.6,108
AISC-W-W40X397,W,W40X397,W40X397,AISC-SHAPES,16.0,397,US_CUSTOMARY,117,32000,1800,1560,16.6,1540,300,191,3.64,142,true,41,41,16.1,16.125,1.22,1.25,0.625,2.2,2.1875,3.38,3.5,1.8125,34,7.5,3,579000,156,1380,318,891,4.38,38.8,126,142,98.1,114
AISC-W-W40X431,W,W40X431,W40X431,AISC-SHAPES,16.0,431,US_CUSTOMARY,127,34800,1960,1690,16.6,1690,328,208,3.65,177,true,41.3,41.25,16.2,16.25,1.34,1.3125,0.6875,2.36,2.375,3.54,3.625,1.875,34,7.5,3,638000,158,1510,341,969,4.41,38.9,127,143,98.8,115
AISC-W-W40X503,W,W40X503,W40X503,AISC-SHAPES,16.0,503,US_CUSTOMARY,148,41600,2320,1980,16.8,2040,394,249,3.72,277,true,42.1,42,16.4,16.375,1.54,1.5625,0.8125,2.76,2.75,3.94,4,2,34,7.5,3,789000,161,1830,403,1150,4.5,39.3,129,145,101,117
AISC-W-W40X593,W,W40X593,W40X593,AISC-SHAPES,16.0,593,US_CUSTOMARY,174,50400,2760,2340,17,2520,481,302,3.8,445,true,43,43,16.7,16.75,1.79,1.8125,0.9375,3.23,3.25,4.41,4.5,2.125,34,7.5,3,997000,166,2240,479,1370,4.63,39.8,130,147,103,120
AISC-W-W40X655,W,W40X655,W40X655,AISC-SHAPES,16.0,655,US_CUSTOMARY,193,56500,3080,2590,17.1,2870,542,340,3.86,589,true,43.6,43.625,16.9,16.875,1.97,2,1,3.54,3.5625,4.72,4.8125,2.1875,34,7.5,3,1150000,169,2530,529,1530,4.71,40.1,132,149,104,121
AISC-W-W44X230,W,W44X230,W44X230,AISC-SHAPES,16.0,230,US_CUSTOMARY,67.8,20800,1100,971,17.5,796,157,101,3.43,24.9,false,42.9,42.875,15.8,15.75,0.71,0.6875,0.375,1.22,1.25,2.01,2.4375,1.5625,38,5.5,3,346000,165,793,192,547,4.13,41.7,130,146,102,118
AISC-W-W44X262,W,W44X262,W44X262,AISC-SHAPES,16.0,262,US_CUSTOMARY,77.2,24100,1270,1110,17.7,923,182,117,3.47,37.3,false,43.3,43.25,15.8,15.75,0.785,0.8125,0.4375,1.42,1.4375,2.2,2.625,1.625,38,5.5,3,405000,165,928,223,630,4.17,41.9,131,147,102,118
AISC-W-W44X290,W,W44X290,W44X290,AISC-SHAPES,16.0,290,US_CUSTOMARY,85.4,27000,1410,1240,17.8,1040,205,132,3.49,50.9,false,43.6,43.625,15.8,15.875,0.865,0.875,0.4375,1.58,1.5625,2.36,2.8125,1.625,38,5.5,3,461000,166,1040,248,701,4.2,42,131,147,103,119
AISC-W-W44X335,W,W44X335,W44X335,AISC-SHAPES,16.0,335,US_CUSTOMARY,98.5,31100,1620,1410,17.8,1200,236,150,3.49,74.7,false,44,44,15.9,16,1.03,1,0.5,1.77,1.75,2.56,3,1.75,38,5.5,3,535000,168,1180,278,805,4.24,42.2,132,148,104,120
AISC-W-W44X368,W,W44X368,W44X368,AISC-SHAPES,16.0,368,US_CUSTOMARY,108,34700,1800,1560,17.9,1350,265,169,3.54,100,false,44.4,44.375,16,16,1.1,1.125,0.5625,1.97,2,2.76,3.1875,1.75,38,5.5,3,608000,170,1340,311,894,4.28,42.4,133,149,105,121
AISC-W-W44X408,W,W44X408,W44X408,AISC-SHAPES,16.0,408,US_CUSTOMARY,120,38700,2000,1730,18,1520,297,189,3.56,134,true,44.8,44.75,16.1,16.125,1.22,1.25,0.625,2.17,2.1875,2.96,3.375,1.8125,38,5.5,3,691000,172,1500,344,994,4.33,42.6,134,150,106,122
AISC-W-W4X13,W,W4X13,W4X13,AISC-SHAPES,16.0,13,US_CUSTOMARY,3.83,11.3,6.28,5.46,1.72,3.86,2.92,1.9,1,0.151,false,4.16,4.125,4.06,4,0.28,0.25,0.125,0.345,0.375,0.595,0.75,0.5,2.625,2.25,,14,3.87,1.36,1.24,3.09,1.16,3.82,19.5,23.6,12.4,16.4
AISC-W-W5X16,W,W5X16,W5X16,AISC-SHAPES,16.0,16,US_CUSTOMARY,4.71,21.4,9.63,8.55,2.13,7.51,4.58,3,1.26,0.192,false,5.01,5,5,5,0.24,0.25,0.125,0.36,0.375,0.66,0.75,0.4375,3.5,2.75,,40.6,5.81,2.62,1.99,4.74,1.43,4.65,24,29,15,20
AISC-W-W5X19,W,W5X19,W5X19,AISC-SHAPES,16.0,19,US_CUSTOMARY,5.56,26.3,11.6,10.2,2.17,9.13,5.53,3.63,1.28,0.316,false,5.15,5.125,5.03,5,0.27,0.25,0.125,0.43,0.4375,0.73,0.8125,0.4375,3.5,2.75,,50.9,5.94,3.21,2.42,5.73,1.45,4.72,24.4,29.4,15.3,20.4
AISC-W-W6X12,W,W6X12,W6X12,AISC-SHAPES,16.0,12,US_CUSTOMARY,3.55,22.1,8.3,7.31,2.49,2.99,2.32,1.5,0.918,0.0903,false,6.03,6,4,4,0.23,0.25,0.125,0.28,0.25,0.53,0.75,0.5625,4.5,2.25,,24.7,5.75,1.61,1.52,4.08,1.08,5.75,23.2,27.2,16.1,20.1
AISC-W-W6X15,W,W6X15,W6X15,AISC-SHAPES,16.0,15,US_CUSTOMARY,4.43,29.1,10.8,9.72,2.56,9.32,4.75,3.11,1.45,0.101,false,5.99,6,5.99,6,0.23,0.25,0.125,0.26,0.25,0.51,0.75,0.5625,4.5,3.5,,76.5,8.58,3.34,2.15,5.32,1.66,5.73,29.1,35.1,18,24
AISC-W-W6X16,W,W6X16,W6X16,AISC-SHAPES,16.0,16,US_CUSTOMARY,4.74,32.1,11.7,10.2,2.6,4.43,3.39,2.2,0.967,0.223,false,6.28,6.25,4.03,4,0.26,0.25,0.125,0.405,0.375,0.655,0.875,0.5625,4.5,2.25,,38.2,5.92,2.42,2.24,5.77,1.13,5.88,23.7,27.7,16.6,20.6
AISC-W-W6X20,W,W6X20,W6X20,AISC-SHAPES,16.0,20,US_CUSTOMARY,5.87,41.4,14.9,13.4,2.66,13.3,6.72,4.41,1.5,0.24,false,6.2,6.25,6.02,6,0.26,0.25,0.125,0.365,0.375,0.615,0.875,0.5625,4.5,3.5,,113,8.78,4.82,3.07,7.38,1.7,5.84,29.5,35.5,18.4,24.4
AISC-W-W6X25,W,W6X25,W6X25,AISC-SHAPES,16.0,25,US_CUSTOMARY,7.34,53.4,18.9,16.7,2.7,17.1,8.56,5.61,1.52,0.461,false,6.38,6.375,6.08,6.125,0.32,0.3125,0.1875,0.455,0.4375,0.705,0.9375,0.5625,4.5,3.5,,150,9.01,6.23,3.88,9.39,1.74,5.93,29.9,36,18.8,24.9
AISC-W-W6X8_5,W,W6X8.5,W6X8.5,AISC-SHAPES,16.0,8.5,US_CUSTOMARY,2.52,14.9,5.73,5.1,2.43,1.99,1.56,1.01,0.89,0.0333,false,5.83,5.875,3.94,4,0.17,0.1875,0.125,0.195,0.1875,0.445,0.6875,0.5,4.5,2.25,,15.8,5.55,1.06,1.03,2.78,1.05,5.64,22.8,26.7,15.6,19.5
AISC-W-W6X9,W,W6X9,W6X9,AISC-SHAPES,16.0,9,US_CUSTOMARY,2.68,16.4,6.23,5.56,2.47,2.2,1.72,1.11,0.905,0.0405,false,5.9,5.875,3.94,4,0.17,0.1875,0.125,0.215,0.1875,0.465,0.6875,0.5,4.5,2.25,,17.7,5.6,1.19,1.15,3.04,1.06,5.69,22.9,26.8,15.7,19.7
AISC-W-W8X10,W,W8X10,W8X10,AISC-SHAPES,16.0,10,US_CUSTOMARY,2.96,30.8,8.87,7.81,3.22,2.09,1.66,1.06,0.841,0.0426,false,7.89,7.875,3.94,4,0.17,0.1875,0.125,0.205,0.1875,0.505,0.6875,0.5,6.5,2.25,,30.9,7.57,1.53,1.48,4.29,1.01,7.69,26.8,30.7,19.7,23.7
AISC-W-W8X13,W,W8X13,W8X13,AISC-SHAPES,16.0,13,US_CUSTOMARY,3.84,39.6,11.4,9.91,3.21,2.73,2.15,1.37,0.843,0.0871,false,7.99,8,4,4,0.23,0.25,0.125,0.255,0.25,0.555,0.75,0.5625,6.5,2.25,,40.8,7.74,1.97,1.86,5.55,1.03,7.74,27,31,20,24
AISC-W-W8X15,W,W8X15,W8X15,AISC-SHAPES,16.0,15,US_CUSTOMARY,4.44,48,13.6,11.8,3.29,3.41,2.67,1.7,0.876,0.137,false,8.11,8.125,4.02,4,0.245,0.25,0.125,0.315,0.3125,0.615,0.8125,0.5625,6.5,2.25,,51.8,7.81,2.47,2.31,6.64,1.06,7.8,27.3,31.3,20.2,24.2
AISC-W-W8X18,W,W8X18,W8X18,AISC-SHAPES,16.0,18,US_CUSTOMARY,5.26,61.9,17,15.2,3.43,7.97,4.66,3.04,1.23,0.172,false,8.14,8.125,5.25,5.25,0.23,0.25,0.125,0.33,0.3125,0.63,0.8125,0.5625,6.5,2.75,,122,10.3,4.44,3.23,8.37,1.43,7.81,31,36.3,21.5,26.8
AISC-W-W8X21,W,W8X21,W8X21,AISC-SHAPES,16.0,21,US_CUSTOMARY,6.16,75.3,20.4,18.2,3.49,9.77,5.69,3.71,1.26,0.282,false,8.28,8.25,5.27,5.25,0.25,0.25,0.125,0.4,0.375,0.7,0.875,0.5625,6.5,2.75,,152,10.4,5.47,3.96,10.1,1.46,7.88,31.3,36.6,21.8,27.1
AISC-W-W8X24,W,W8X24,W8X24,AISC-SHAPES,16.0,24,US_CUSTOMARY,7.08,82.7,23.1,20.9,3.42,18.3,8.57,5.63,1.61,0.346,false,7.93,7.875,6.5,6.5,0.245,0.25,0.125,0.4,0.375,0.794,0.875,0.5625,6.125,4,,259,12.2,7.95,4.71,11.3,1.81,7.53,34.2,40.7,22.4,28.9
AISC-W-W8X28,W,W8X28,W8X28,AISC-SHAPES,16.0,28,US_CUSTOMARY,8.25,98,27.2,24.3,3.45,21.7,10.1,6.63,1.62,0.537,false,8.06,8,6.54,6.5,0.285,0.3125,0.1875,0.465,0.4375,0.859,0.9375,0.625,6.125,4,,312,12.4,9.44,5.52,13.4,1.84,7.6,34.5,41,22.7,29.2
AISC-W-W8X31,W,W8X31,W8X31,AISC-SHAPES,16.0,31,US_CUSTOMARY,9.13,110,30.4,27.5,3.47,37.1,14.1,9.27,2.02,0.536,false,8,8,8,8,0.285,0.3125,0.1875,0.435,0.4375,0.829,1.125,0.75,5.75,5.5,,530,15.1,13.2,6.35,15,2.26,7.57,38.8,46.8,24,32
AISC-W-W8X35,W,W8X35,W8X35,AISC-SHAPES,16.0,35,US_CUSTOMARY,10.3,127,34.7,31.2,3.51,42.6,16.1,10.6,2.03,0.769,false,8.12,8.125,8.02,8,0.31,0.3125,0.1875,0.495,0.5,0.889,1.1875,0.8125,5.75,5.5,,619,15.3,15.2,7.28,17.1,2.28,7.63,39,47,24.3,32.3
AISC-W-W8X40,W,W8X40,W8X40,AISC-SHAPES,16.0,40,US_CUSTOMARY,11.7,146,39.8,35.5,3.53,49.1,18.5,12.2,2.04,1.12,false,8.25,8.25,8.07,8.125,0.36,0.375,0.1875,0.56,0.5625,0.954,1.25,0.8125,5.75,5.5,,726,15.5,17.5,8.3,19.7,2.31,7.69,39.3,47.4,24.6,32.6
AISC-W-W8X48,W,W8X48,W8X48,AISC-SHAPES,16.0,48,US_CUSTOMARY,14.1,184,49,43.2,3.61,60.9,22.9,15,2.08,1.96,false,8.5,8.5,8.11,8.125,0.4,0.375,0.1875,0.685,0.6875,1.08,1.375,0.8125,5.75,5.5,,931,15.8,22,10.3,24.2,2.35,7.82,39.9,48,25.1,33.2
AISC-W-W8X58,W,W8X58,W8X58,AISC-SHAPES,16.0,58,US_CUSTOMARY,17.1,228,59.8,52,3.65,75.1,27.9,18.3,2.1,3.33,false,8.75,8.75,8.22,8.25,0.51,0.5,0.25,0.81,0.8125,1.2,1.5,0.875,5.75,5.5,,1180,16.3,27.2,12.4,29.7,2.39,7.94,40.5,48.7,25.7,33.9
AISC-W-W8X67,W,W8X67,W8X67,AISC-SHAPES,16.0,67,US_CUSTOMARY,19.7,272,70.1,60.4,3.72,88.6,32.7,21.4,2.12,5.05,false,9,9,8.28,8.25,0.57,0.5625,0.3125,0.935,0.9375,1.33,1.625,0.9375,5.75,5.5,,1440,16.7,32.3,14.5,34.8,2.43,8.07,41,49.3,26.3,34.6
