sectionId,family,ediDesignation,manualLabel,sourceId,sourceRevision,weightPerLength,nativeUnitSystem,A,Ix,Zx,Sx,rx,Iy,Zy,Sy,ry,J,Ht,B,h,b,tnom,tdes,C
AISC-HSS-RECT-HSS10X10X_188,HSS-RECT,HSS10X10X.188,HSS10X10X3/16,AISC-SHAPES,16.0,24.73,US_CUSTOMARY,6.76,108,24.8,21.6,4,108,24.8,21.6,4,167,10,10,9.48,9.48,0.1875,0.174,33.6
AISC-HSS-RECT-HSS10X10X_250,HSS-RECT,HSS10X10X.250,HSS10X10X1/4,AISC-SHAPES,16.0,32.63,US_CUSTOMARY,8.96,141,32.7,28.3,3.97,141,32.7,28.3,3.97,220,10,10,9.3,9.3,0.25,0.233,44.4
AISC-HSS-RECT-HSS10X10X_313,HSS-RECT,HSS10X10X.313,HSS10X10X5/16,AISC-SHAPES,16.0,40.35,US_CUSTOMARY,11.1,172,40.1,34.5,3.94,172,40.1,34.5,3.94,271,10,10,9.13,9.13,0.3125,0.291,54.8
AISC-HSS-RECT-HSS10X10X_375,HSS-RECT,HSS10X10X.375,HSS10X10X3/8,AISC-SHAPES,16.0,47.9,US_CUSTOMARY,13.2,202,47.2,40.4,3.92,202,47.2,40.4,3.92,320,10,10,8.95,8.95,0.375,0.349,64.8
AISC-HSS-RECT-HSS10X10X_500,HSS-RECT,HSS10X10X.500,HSS10X10X1/2,AISC-SHAPES,16.0,62.46,US_CUSTOMARY,17.2,256,60.7,51.2,3.86,256,60.7,51.2,3.86,412,10,10,8.6,8.6,0.5,0.465,84.2
AISC-HSS-RECT-HSS10X10X_625,HSS-RECT,HSS10X10X.625,HSS10X10X5/8,AISC-SHAPES,16.0,76.33,US_CUSTOMARY,21,304,73.2,60.8,3.8,304,73.2,60.8,3.8,498,10,10,8.26,8.26,0.625,0.581,102
AISC-HSS-RECT-HSS10X10X_750,HSS-RECT,HSS10X10X.750,HSS10X10X3/4,AISC-SHAPES,16.0,89.5,US_CUSTOMARY,24.7,347,84.7,69.4,3.75,347,84.7,69.4,3.75,578,10,10,7.91,7.91,0.75,0.698,119
AISC-HSS-RECT-HSS10X2X_125,HSS-RECT,HSS10X2X.125,HSS10X2X1/8,AISC-SHAPES,16.0,9.86,US_CUSTOMARY,2.7,28.5,7.65,5.7,3.25,2.14,2.33,2.14,0.89,6.9,10,2,9.65,1.65,0.125,0.116,4.31
AISC-HSS-RECT-HSS10X2X_188,HSS-RECT,HSS10X2X.188,HSS10X2X3/16,AISC-SHAPES,16.0,14.53,US_CUSTOMARY,3.98,41,11.1,8.19,3.21,2.97,3.34,2.97,0.864,9.74,10,2,9.48,1.48,0.1875,0.174,6.22
AISC-HSS-RECT-HSS10X2X_250,HSS-RECT,HSS10X2X.250,HSS10X2X1/4,AISC-SHAPES,16.0,19.02,US_CUSTOMARY,5.24,52.5,14.4,10.5,3.17,3.67,4.26,3.67,0.838,12.2,10,2,9.3,1.3,0.25,0.233,7.99
AISC-HSS-RECT-HSS10X2X_313,HSS-RECT,HSS10X2X.313,HSS10X2X5/16,AISC-SHAPES,16.0,23.34,US_CUSTOMARY,6.43,62.6,17.5,12.5,3.12,4.24,5.06,4.24,0.812,14.2,10,2,9.13,1.13,0.3125,0.291,9.56
AISC-HSS-RECT-HSS10X2X_375,HSS-RECT,HSS10X2X.375,HSS10X2X3/8,AISC-SHAPES,16.0,27.48,US_CUSTOMARY,7.58,71.7,20.3,14.3,3.08,4.7,5.76,4.7,0.787,15.9,10,2,8.95,0.953,0.375,0.349,11
AISC-HSS-RECT-HSS10X3X_125,HSS-RECT,HSS10X3X.125,HSS10X3X1/8,AISC-SHAPES,16.0,10.71,US_CUSTOMARY,2.93,34.2,8.8,6.83,3.42,5.16,3.74,3.44,1.33,14.9,10,3,9.65,2.65,0.125,0.116,6.61
AISC-HSS-RECT-HSS10X3X_188,HSS-RECT,HSS10X3X.188,HSS10X3X3/16,AISC-SHAPES,16.0,15.8,US_CUSTOMARY,4.32,49.4,12.8,9.87,3.38,7.33,5.41,4.89,1.3,21.5,10,3,9.48,2.48,0.1875,0.174,9.64
AISC-HSS-RECT-HSS10X3X_250,HSS-RECT,HSS10X3X.250,HSS10X3X1/4,AISC-SHAPES,16.0,20.72,US_CUSTOMARY,5.7,63.6,16.7,12.7,3.34,9.28,6.99,6.19,1.28,27.6,10,3,9.3,2.3,0.25,0.233,12.5
AISC-HSS-RECT-HSS10X3X_313,HSS-RECT,HSS10X3X.313,HSS10X3X5/16,AISC-SHAPES,16.0,25.46,US_CUSTOMARY,7.01,76.3,20.3,15.3,3.3,11,8.42,7.3,1.25,33,10,3,9.13,2.13,0.3125,0.291,15.2
AISC-HSS-RECT-HSS10X3X_375,HSS-RECT,HSS10X3X.375,HSS10X3X3/8,AISC-SHAPES,16.0,30.03,US_CUSTOMARY,8.27,88,23.7,17.6,3.26,12.4,9.73,8.28,1.22,37.8,10,3,8.95,1.95,0.375,0.349,17.7
AISC-HSS-RECT-HSS10X3_1_2X_188,HSS-RECT,HSS10X3-1/2X.188,HSS10X3-1/2X3/16,AISC-SHAPES,16.0,16.44,US_CUSTOMARY,4.5,53.6,13.7,10.7,3.45,10.3,6.52,5.89,1.51,28.6,10,3.5,9.48,2.98,0.1875,0.174,11.4
AISC-HSS-RECT-HSS10X3_1_2X_250,HSS-RECT,HSS10X3-1/2X.250,HSS10X3-1/2X1/4,AISC-SHAPES,16.0,21.57,US_CUSTOMARY,5.93,69.1,17.9,13.8,3.41,13.1,8.45,7.51,1.49,37,10,3.5,9.3,2.8,0.25,0.233,14.8
AISC-HSS-RECT-HSS10X3_1_2X_313,HSS-RECT,HSS10X3-1/2X.313,HSS10X3-1/2X5/16,AISC-SHAPES,16.0,26.53,US_CUSTOMARY,7.3,83.2,21.7,16.6,3.38,15.6,10.2,8.92,1.46,44.6,10,3.5,9.13,2.63,0.3125,0.291,18
AISC-HSS-RECT-HSS10X3_1_2X_375,HSS-RECT,HSS10X3-1/2X.375,HSS10X3-1/2X3/8,AISC-SHAPES,16.0,31.31,US_CUSTOMARY,8.62,96.1,25.3,19.2,3.34,17.8,11.8,10.2,1.44,51.5,10,3.5,8.95,2.45,0.375,0.349,21.1
AISC-HSS-RECT-HSS10X4X_125,HSS-RECT,HSS10X4X.125,HSS10X4X1/8,AISC-SHAPES,16.0,11.56,US_CUSTOMARY,3.16,39.8,10,7.97,3.55,9.65,5.26,4.83,1.75,25.1,10,4,9.65,3.65,0.125,0.116,8.9
AISC-HSS-RECT-HSS10X4X_188,HSS-RECT,HSS10X4X.188,HSS10X4X3/16,AISC-SHAPES,16.0,17.08,US_CUSTOMARY,4.67,57.8,14.6,11.6,3.52,13.9,7.66,6.93,1.72,36.5,10,4,9.48,3.48,0.1875,0.174,13.1
AISC-HSS-RECT-HSS10X4X_250,HSS-RECT,HSS10X4X.250,HSS10X4X1/4,AISC-SHAPES,16.0,22.42,US_CUSTOMARY,6.17,74.7,19,14.9,3.48,17.7,10,8.87,1.7,47.4,10,4,9.3,3.3,0.25,0.233,17.1
AISC-HSS-RECT-HSS10X4X_313,HSS-RECT,HSS10X4X.313,HSS10X4X5/16,AISC-SHAPES,16.0,27.59,US_CUSTOMARY,7.59,90.1,23.1,18,3.44,21.2,12.1,10.6,1.67,57.3,10,4,9.13,3.13,0.3125,0.291,20.9
AISC-HSS-RECT-HSS10X4X_375,HSS-RECT,HSS10X4X.375,HSS10X4X3/8,AISC-SHAPES,16.0,32.58,US_CUSTOMARY,8.97,104,27,20.8,3.41,24.3,14,12.1,1.64,66.5,10,4,8.95,2.95,0.375,0.349,24.4
AISC-HSS-RECT-HSS10X4X_500,HSS-RECT,HSS10X4X.500,HSS10X4X1/2,AISC-SHAPES,16.0,42.05,US_CUSTOMARY,11.6,129,34.1,25.8,3.34,29.5,17.6,14.7,1.59,82.6,10,4,8.6,2.6,0.5,0.465,31
AISC-HSS-RECT-HSS10X4X_625,HSS-RECT,HSS10X4X.625,HSS10X4X5/8,AISC-SHAPES,16.0,50.81,US_CUSTOMARY,14,149,40.3,29.9,3.26,33.5,20.6,16.8,1.54,95.7,10,4,8.26,2.26,0.625,0.581,36.7
AISC-HSS-RECT-HSS10X5X_250,HSS-RECT,HSS10X5X.250,HSS10X5X1/4,AISC-SHAPES,16.0,24.12,US_CUSTOMARY,6.63,85.8,21.3,17.2,3.6,29.3,13.2,11.7,2.1,70.7,10,5,9.3,4.3,0.25,0.233,21.6
AISC-HSS-RECT-HSS10X5X_313,HSS-RECT,HSS10X5X.313,HSS10X5X5/16,AISC-SHAPES,16.0,29.72,US_CUSTOMARY,8.17,104,26,20.8,3.56,35.2,16,14.1,2.07,86,10,5,9.13,4.13,0.3125,0.291,26.5
AISC-HSS-RECT-HSS10X5X_375,HSS-RECT,HSS10X5X.375,HSS10X5X3/8,AISC-SHAPES,16.0,35.13,US_CUSTOMARY,9.67,120,30.4,24.1,3.53,40.6,18.7,16.2,2.05,100,10,5,8.95,3.95,0.375,0.349,31.2
AISC-HSS-RECT-HSS10X6X_188,HSS-RECT,HSS10X6X.188,HSS10X6X3/16,AISC-SHAPES,16.0,19.63,US_CUSTOMARY,5.37,74.6,18,14.9,3.73,34.1,12.7,11.4,2.52,73.8,10,6,9.48,5.48,0.1875,0.174,19.9
AISC-HSS-RECT-HSS10X6X_250,HSS-RECT,HSS10X6X.250,HSS10X6X1/4,AISC-SHAPES,16.0,25.82,US_CUSTOMARY,7.1,96.9,23.6,19.4,3.69,44.1,16.6,14.7,2.49,96.7,10,6,9.3,5.3,0.25,0.233,26.2
AISC-HSS-RECT-HSS10X6X_313,HSS-RECT,HSS10X6X.313,HSS10X6X5/16,AISC-SHAPES,16.0,31.84,US_CUSTOMARY,8.76,118,28.8,23.5,3.66,53.3,20.2,17.8,2.47,118,10,6,9.13,5.13,0.3125,0.291,32.2
AISC-HSS-RECT-HSS10X6X_375,HSS-RECT,HSS10X6X.375,HSS10X6X3/8,AISC-SHAPES,16.0,37.69,US_CUSTOMARY,10.4,137,33.8,27.4,3.63,61.8,23.7,20.6,2.44,139,10,6,8.95,4.95,0.375,0.349,37.9
AISC-HSS-RECT-HSS10X6X_500,HSS-RECT,HSS10X6X.500,HSS10X6X1/2,AISC-SHAPES,16.0,48.85,US_CUSTOMARY,13.5,171,43,34.3,3.57,76.8,30.1,25.6,2.39,176,10,6,8.6,4.61,0.5,0.465,48.7
AISC-HSS-RECT-HSS10X6X_625,HSS-RECT,HSS10X6X.625,HSS10X6X5/8,AISC-SHAPES,16.0,59.32,US_CUSTOMARY,16.4,201,51.3,40.2,3.5,89.4,35.8,29.8,2.34,209,10,6,8.26,4.26,0.625,0.581,58.6
AISC-HSS-RECT-HSS10X8X_188,HSS-RECT,HSS10X8X.188,HSS10X8X3/16,AISC-SHAPES,16.0,22.18,US_CUSTOMARY,6.06,91.4,21.4,18.3,3.88,65.1,18.4,16.3,3.28,118,10,8,9.48,7.48,0.1875,0.174,26.7
AISC-HSS-RECT-HSS10X8X_250,HSS-RECT,HSS10X8X.250,HSS10X8X1/4,AISC-SHAPES,16.0,29.23,US_CUSTOMARY,8.03,119,28.1,23.8,3.85,84.7,24.2,21.2,3.25,155,10,8,9.3,7.3,0.25,0.233,35.3
AISC-HSS-RECT-HSS10X8X_313,HSS-RECT,HSS10X8X.313,HSS10X8X5/16,AISC-SHAPES,16.0,36.1,US_CUSTOMARY,9.92,145,34.4,29,3.82,103,29.6,25.7,3.22,190,10,8,9.13,7.13,0.3125,0.291,43.5
AISC-HSS-RECT-HSS10X8X_375,HSS-RECT,HSS10X8X.375,HSS10X8X3/8,AISC-SHAPES,16.0,42.79,US_CUSTOMARY,11.8,169,40.5,33.9,3.79,120,34.8,30,3.19,224,10,8,8.95,6.95,0.375,0.349,51.4
AISC-HSS-RECT-HSS10X8X_500,HSS-RECT,HSS10X8X.500,HSS10X8X1/2,AISC-SHAPES,16.0,55.66,US_CUSTOMARY,15.3,214,51.9,42.7,3.73,151,44.5,37.8,3.14,288,10,8,8.6,6.6,0.5,0.465,66.4
AISC-HSS-RECT-HSS10X8X_625,HSS-RECT,HSS10X8X.625,HSS10X8X5/8,AISC-SHAPES,16.0,67.82,US_CUSTOMARY,18.7,253,62.2,50.5,3.68,178,53.3,44.5,3.09,346,10,8,8.26,6.26,0.625,0.581,80.4
AISC-HSS-RECT-HSS12X10X_188,HSS-RECT,HSS12X10X.188,HSS12X10X3/16,AISC-SHAPES,16.0,27.29,US_CUSTOMARY,7.46,165,31.9,27.5,4.7,125,28.2,25,4.09,219,12,10,11.5,9.48,0.1875,0.174,40.4
AISC-HSS-RECT-HSS12X10X_250,HSS-RECT,HSS12X10X.250,HSS12X10X1/4,AISC-SHAPES,16.0,36.03,US_CUSTOMARY,9.9,216,42.1,36,4.67,164,37.2,32.7,4.07,289,12,10,11.3,9.3,0.25,0.233,53.5
AISC-HSS-RECT-HSS12X10X_313,HSS-RECT,HSS12X10X.313,HSS12X10X5/16,AISC-SHAPES,16.0,44.6,US_CUSTOMARY,12.2,264,51.7,44,4.64,200,45.7,40,4.04,356,12,10,11.1,9.13,0.3125,0.291,66.1
AISC-HSS-RECT-HSS12X10X_375,HSS-RECT,HSS12X10X.375,HSS12X10X3/8,AISC-SHAPES,16.0,53,US_CUSTOMARY,14.6,310,61.1,51.6,4.61,234,54,46.9,4.01,421,12,10,11,8.95,0.375,0.349,78.3
AISC-HSS-RECT-HSS12X10X_500,HSS-RECT,HSS12X10X.500,HSS12X10X1/2,AISC-SHAPES,16.0,69.27,US_CUSTOMARY,19,395,78.8,65.9,4.56,298,69.6,59.7,3.96,545,12,10,10.6,8.6,0.5,0.465,102
AISC-HSS-RECT-HSS12X10X_625,HSS-RECT,HSS12X10X.625,HSS12X10X5/8,AISC-SHAPES,16.0,84.84,US_CUSTOMARY,23.3,472,95.3,78.7,4.5,356,84.1,71.2,3.9,661,12,10,10.3,8.26,0.625,0.581,124
AISC-HSS-RECT-HSS12X12X1,HSS-RECT,HSS12X12X1,HSS12X12X1,AISC-SHAPES,16.0,140.96,US_CUSTOMARY,39,772,158,129,4.45,772,158,129,4.45,1300,12,12,9.21,9.21,1,0.93,225
AISC-HSS-RECT-HSS12X12X_188,HSS-RECT,HSS12X12X.188,HSS12X12X3/16,AISC-SHAPES,16.0,29.84,US_CUSTOMARY,8.15,189,36,31.5,4.82,189,36,31.5,4.82,290,12,12,11.5,11.5,0.1875,0.174,48.6
AISC-HSS-RECT-HSS12X12X_250,HSS-RECT,HSS12X12X.250,HSS12X12X1/4,AISC-SHAPES,16.0,39.43,US_CUSTOMARY,10.8,248,47.6,41.4,4.79,248,47.6,41.4,4.79,384,12,12,11.3,11.3,0.25,0.233,64.5
AISC-HSS-RECT-HSS12X12X_313,HSS-RECT,HSS12X12X.313,HSS12X12X5/16,AISC-SHAPES,16.0,48.86,US_CUSTOMARY,13.4,304,58.6,50.7,4.76,304,58.6,50.7,4.76,474,12,12,11.1,11.1,0.3125,0.291,79.7
AISC-HSS-RECT-HSS12X12X_375,HSS-RECT,HSS12X12X.375,HSS12X12X3/8,AISC-SHAPES,16.0,58.1,US_CUSTOMARY,16,357,69.2,59.5,4.73,357,69.2,59.5,4.73,561,12,12,11,11,0.375,0.349,94.6
AISC-HSS-RECT-HSS12X12X_500,HSS-RECT,HSS12X12X.500,HSS12X12X1/2,AISC-SHAPES,16.0,76.07,US_CUSTOMARY,20.9,457,89.6,76.2,4.68,457,89.6,76.2,4.68,728,12,12,10.6,10.6,0.5,0.465,123
AISC-HSS-RECT-HSS12X12X_625,HSS-RECT,HSS12X12X.625,HSS12X12X5/8,AISC-SHAPES,16.0,93.34,US_CUSTOMARY,25.7,548,109,91.4,4.62,548,109,91.4,4.62,885,12,12,10.3,10.3,0.625,0.581,151
AISC-HSS-RECT-HSS12X12X_750,HSS-RECT,HSS12X12X.750,HSS12X12X3/4,AISC-SHAPES,16.0,109.91,US_CUSTOMARY,30.3,631,127,105,4.56,631,127,105,4.56,1030,12,12,9.91,9.91,0.75,0.698,177
AISC-HSS-RECT-HSS12X12X_875,HSS-RECT,HSS12X12X.875,HSS12X12X7/8,AISC-SHAPES,16.0,125.79,US_CUSTOMARY,34.7,706,143,118,4.51,706,143,118,4.51,1170,12,12,9.56,9.56,0.875,0.814,202
AISC-HSS-RECT-HSS12X2X_188,HSS-RECT,HSS12X2X.188,HSS12X2X3/16,AISC-SHAPES,16.0,17.08,US_CUSTOMARY,4.67,67.4,15.5,11.2,3.8,3.55,3.97,3.55,0.872,12,12,2,11.5,1.48,0.1875,0.174,7.49
AISC-HSS-RECT-HSS12X2X_250,HSS-RECT,HSS12X2X.250,HSS12X2X1/4,AISC-SHAPES,16.0,22.42,US_CUSTOMARY,6.17,86.9,20.1,14.5,3.75,4.41,5.08,4.41,0.845,15.1,12,2,11.3,1.3,0.25,0.233,9.64
AISC-HSS-RECT-HSS12X2X_313,HSS-RECT,HSS12X2X.313,HSS12X2X5/16,AISC-SHAPES,16.0,27.59,US_CUSTOMARY,7.59,104,24.5,17.4,3.71,5.1,6.05,5.1,0.82,17.6,12,2,11.1,1.13,0.3125,0.291,11.6
AISC-HSS-RECT-HSS12X3X_188,HSS-RECT,HSS12X3X.188,HSS12X3X3/16,AISC-SHAPES,16.0,18.35,US_CUSTOMARY,5.02,79.6,17.5,13.3,3.98,8.72,6.4,5.81,1.32,26.8,12,3,11.5,2.48,0.1875,0.174,11.6
AISC-HSS-RECT-HSS12X3X_250,HSS-RECT,HSS12X3X.250,HSS12X3X1/4,AISC-SHAPES,16.0,24.12,US_CUSTOMARY,6.63,103,22.9,17.2,3.94,11.1,8.28,7.38,1.29,34.5,12,3,11.3,2.3,0.25,0.233,15.1
AISC-HSS-RECT-HSS12X3X_313,HSS-RECT,HSS12X3X.313,HSS12X3X5/16,AISC-SHAPES,16.0,29.72,US_CUSTOMARY,8.17,124,27.9,20.7,3.9,13.1,10,8.73,1.27,41.3,12,3,11.1,2.13,0.3125,0.291,18.4
AISC-HSS-RECT-HSS12X4X_188,HSS-RECT,HSS12X4X.188,HSS12X4X3/16,AISC-SHAPES,16.0,19.63,US_CUSTOMARY,5.37,91.8,19.6,15.3,4.13,16.4,9,8.2,1.75,46.1,12,4,11.5,3.48,0.1875,0.174,15.7
AISC-HSS-RECT-HSS12X4X_250,HSS-RECT,HSS12X4X.250,HSS12X4X1/4,AISC-SHAPES,16.0,25.82,US_CUSTOMARY,7.1,119,25.6,19.9,4.1,21,11.7,10.5,1.72,59.8,12,4,11.3,3.3,0.25,0.233,20.6
AISC-HSS-RECT-HSS12X4X_313,HSS-RECT,HSS12X4X.313,HSS12X4X5/16,AISC-SHAPES,16.0,31.84,US_CUSTOMARY,8.76,144,31.3,24.1,4.06,25.2,14.2,12.6,1.7,72.4,12,4,11.1,3.13,0.3125,0.291,25.2
AISC-HSS-RECT-HSS12X4X_375,HSS-RECT,HSS12X4X.375,HSS12X4X3/8,AISC-SHAPES,16.0,37.69,US_CUSTOMARY,10.4,168,36.7,28,4.02,28.9,16.6,14.5,1.67,84.1,12,4,11,2.95,0.375,0.349,29.5
AISC-HSS-RECT-HSS12X4X_500,HSS-RECT,HSS12X4X.500,HSS12X4X1/2,AISC-SHAPES,16.0,48.85,US_CUSTOMARY,13.5,210,46.7,34.9,3.95,35.3,20.9,17.7,1.62,105,12,4,10.6,2.6,0.5,0.465,37.5
AISC-HSS-RECT-HSS12X4X_625,HSS-RECT,HSS12X4X.625,HSS12X4X5/8,AISC-SHAPES,16.0,59.32,US_CUSTOMARY,16.4,245,55.5,40.8,3.87,40.4,24.5,20.2,1.57,122,12,4,10.3,2.26,0.625,0.581,44.6
AISC-HSS-RECT-HSS12X6X_188,HSS-RECT,HSS12X6X.188,HSS12X6X3/16,AISC-SHAPES,16.0,22.18,US_CUSTOMARY,6.06,116,23.7,19.4,4.38,40,14.7,13.3,2.57,94.6,12,6,11.5,5.48,0.1875,0.174,24
AISC-HSS-RECT-HSS12X6X_250,HSS-RECT,HSS12X6X.250,HSS12X6X1/4,AISC-SHAPES,16.0,29.23,US_CUSTOMARY,8.03,151,31.1,25.2,4.34,51.9,19.3,17.3,2.54,124,12,6,11.3,5.3,0.25,0.233,31.6
AISC-HSS-RECT-HSS12X6X_313,HSS-RECT,HSS12X6X.313,HSS12X6X5/16,AISC-SHAPES,16.0,36.1,US_CUSTOMARY,9.92,184,38.1,30.7,4.31,62.8,23.6,20.9,2.52,152,12,6,11.1,5.13,0.3125,0.291,38.8
AISC-HSS-RECT-HSS12X6X_375,HSS-RECT,HSS12X6X.375,HSS12X6X3/8,AISC-SHAPES,16.0,42.79,US_CUSTOMARY,11.8,215,44.8,35.9,4.28,72.9,27.7,24.3,2.49,178,12,6,11,4.95,0.375,0.349,45.8
AISC-HSS-RECT-HSS12X6X_500,HSS-RECT,HSS12X6X.500,HSS12X6X1/2,AISC-SHAPES,16.0,55.66,US_CUSTOMARY,15.3,271,57.4,45.2,4.21,91.1,35.2,30.4,2.44,227,12,6,10.6,4.61,0.5,0.465,59
AISC-HSS-RECT-HSS12X6X_625,HSS-RECT,HSS12X6X.625,HSS12X6X5/8,AISC-SHAPES,16.0,67.82,US_CUSTOMARY,18.7,321,68.8,53.4,4.14,107,42.1,35.5,2.39,271,12,6,10.3,4.26,0.625,0.581,71.1
AISC-HSS-RECT-HSS12X8X_188,HSS-RECT,HSS12X8X.188,HSS12X8X3/16,AISC-SHAPES,16.0,24.73,US_CUSTOMARY,6.76,140,27.8,23.4,4.56,75.7,21.1,18.9,3.35,153,12,8,11.5,7.48,0.1875,0.174,32.2
AISC-HSS-RECT-HSS12X8X_250,HSS-RECT,HSS12X8X.250,HSS12X8X1/4,AISC-SHAPES,16.0,32.63,US_CUSTOMARY,8.96,184,36.6,30.6,4.53,98.8,27.8,24.7,3.32,202,12,8,11.3,7.3,0.25,0.233,42.5
AISC-HSS-RECT-HSS12X8X_313,HSS-RECT,HSS12X8X.313,HSS12X8X5/16,AISC-SHAPES,16.0,40.35,US_CUSTOMARY,11.1,224,44.9,37.4,4.5,120,34.1,30.1,3.29,248,12,8,11.1,7.13,0.3125,0.291,52.4
AISC-HSS-RECT-HSS12X8X_375,HSS-RECT,HSS12X8X.375,HSS12X8X3/8,AISC-SHAPES,16.0,47.9,US_CUSTOMARY,13.2,262,53,43.7,4.47,140,40.1,35.1,3.27,293,12,8,11,6.95,0.375,0.349,62.1
AISC-HSS-RECT-HSS12X8X_500,HSS-RECT,HSS12X8X.500,HSS12X8X1/2,AISC-SHAPES,16.0,62.46,US_CUSTOMARY,17.2,333,68.1,55.6,4.41,178,51.5,44.4,3.21,377,12,8,10.6,6.6,0.5,0.465,80.4
AISC-HSS-RECT-HSS12X8X_625,HSS-RECT,HSS12X8X.625,HSS12X8X5/8,AISC-SHAPES,16.0,76.33,US_CUSTOMARY,21,397,82.1,66.1,4.34,210,61.9,52.5,3.16,454,12,8,10.3,6.26,0.625,0.581,97.7
AISC-HSS-RECT-HSS14X10X_250,HSS-RECT,HSS14X10X.250,HSS14X10X1/4,AISC-SHAPES,16.0,39.43,US_CUSTOMARY,10.8,310,52.4,44.3,5.35,186,41.8,37.2,4.14,362,14,10,13.3,9.3,0.25,0.233,62.6
AISC-HSS-RECT-HSS14X10X_313,HSS-RECT,HSS14X10X.313,HSS14X10X5/16,AISC-SHAPES,16.0,48.86,US_CUSTOMARY,13.4,380,64.6,54.3,5.32,227,51.4,45.5,4.12,446,14,10,13.1,9.13,0.3125,0.291,77.4
AISC-HSS-RECT-HSS14X10X_375,HSS-RECT,HSS14X10X.375,HSS14X10X3/8,AISC-SHAPES,16.0,58.1,US_CUSTOMARY,16,447,76.3,63.9,5.29,267,60.7,53.4,4.09,528,14,10,13,8.95,0.375,0.349,91.8
AISC-HSS-RECT-HSS14X10X_500,HSS-RECT,HSS14X10X.500,HSS14X10X1/2,AISC-SHAPES,16.0,76.07,US_CUSTOMARY,20.9,573,98.8,81.8,5.23,341,78.5,68.1,4.04,685,14,10,12.6,8.6,0.5,0.465,120
AISC-HSS-RECT-HSS14X10X_625,HSS-RECT,HSS14X10X.625,HSS14X10X5/8,AISC-SHAPES,16.0,93.34,US_CUSTOMARY,25.7,687,120,98.2,5.17,407,95.1,81.5,3.98,832,14,10,12.3,8.26,0.625,0.581,146
AISC-HSS-RECT-HSS14X10X_750,HSS-RECT,HSS14X10X.750,HSS14X10X3/4,AISC-SHAPES,16.0,109.91,US_CUSTOMARY,30.3,792,140,113,5.11,468,111,93.6,3.93,970,14,10,11.9,7.91,0.75,0.698,171
AISC-HSS-RECT-HSS14X10X_875,HSS-RECT,HSS14X10X.875,HSS14X10X7/8,AISC-SHAPES,16.0,125.79,US_CUSTOMARY,34.7,886,158,127,5.05,522,125,104,3.88,1100,14,10,11.6,7.56,0.875,0.814,195
AISC-HSS-RECT-HSS14X12X_250,HSS-RECT,HSS14X12X.250,HSS14X12X1/4,AISC-SHAPES,16.0,42.84,US_CUSTOMARY,11.8,354,58.9,50.6,5.49,280,53,46.7,4.88,484,14,12,13.3,11.3,0.25,0.233,75.4
AISC-HSS-RECT-HSS14X12X_313,HSS-RECT,HSS14X12X.313,HSS14X12X5/16,AISC-SHAPES,16.0,53.11,US_CUSTOMARY,14.6,435,72.6,62.1,5.46,344,65.4,57.3,4.86,598,14,12,13.1,11.1,0.3125,0.291,93.3
AISC-HSS-RECT-HSS14X12X_375,HSS-RECT,HSS14X12X.375,HSS14X12X3/8,AISC-SHAPES,16.0,63.21,US_CUSTOMARY,17.3,512,85.9,73.2,5.43,405,77.4,67.4,4.83,708,14,12,13,11,0.375,0.349,111
AISC-HSS-RECT-HSS14X12X_500,HSS-RECT,HSS14X12X.500,HSS14X12X1/2,AISC-SHAPES,16.0,82.88,US_CUSTOMARY,22.8,658,111,94,5.38,519,100,86.5,4.78,921,14,12,12.6,10.6,0.5,0.465,145
AISC-HSS-RECT-HSS14X12X_625,HSS-RECT,HSS14X12X.625,HSS14X12X5/8,AISC-SHAPES,16.0,101.85000000000001,US_CUSTOMARY,28,792,135,113,5.32,624,122,104,4.72,1120,14,12,12.3,10.3,0.625,0.581,177
AISC-HSS-RECT-HSS14X14X1,HSS-RECT,HSS14X14X1,HSS14X14X1,AISC-SHAPES,16.0,168.18,US_CUSTOMARY,46.4,1290,224,184,5.27,1290,224,184,5.27,2130,14,14,11.2,11.2,1,0.93,315
AISC-HSS-RECT-HSS14X14X_250,HSS-RECT,HSS14X14X.250,HSS14X14X1/4,AISC-SHAPES,16.0,46.24,US_CUSTOMARY,12.7,399,65.3,57,5.6,399,65.3,57,5.6,614,14,14,13.3,13.3,0.25,0.233,88.3
AISC-HSS-RECT-HSS14X14X_313,HSS-RECT,HSS14X14X.313,HSS14X14X5/16,AISC-SHAPES,16.0,57.36,US_CUSTOMARY,15.7,490,80.5,69.9,5.58,490,80.5,69.9,5.58,759,14,14,13.1,13.1,0.3125,0.291,109
AISC-HSS-RECT-HSS14X14X_375,HSS-RECT,HSS14X14X.375,HSS14X14X3/8,AISC-SHAPES,16.0,68.31,US_CUSTOMARY,18.7,577,95.4,82.5,5.55,577,95.4,82.5,5.55,900,14,14,13,13,0.375,0.349,130
AISC-HSS-RECT-HSS14X14X_500,HSS-RECT,HSS14X14X.500,HSS14X14X1/2,AISC-SHAPES,16.0,89.68,US_CUSTOMARY,24.6,743,124,106,5.49,743,124,106,5.49,1170,14,14,12.6,12.6,0.5,0.465,170
AISC-HSS-RECT-HSS14X14X_625,HSS-RECT,HSS14X14X.625,HSS14X14X5/8,AISC-SHAPES,16.0,110.36,US_CUSTOMARY,30.3,897,151,128,5.44,897,151,128,5.44,1430,14,14,12.3,12.3,0.625,0.581,208
AISC-HSS-RECT-HSS14X14X_750,HSS-RECT,HSS14X14X.750,HSS14X14X3/4,AISC-SHAPES,16.0,130.33,US_CUSTOMARY,35.9,1040,177,149,5.38,1040,177,149,5.38,1680,14,14,11.9,11.9,0.75,0.698,246
AISC-HSS-RECT-HSS14X14X_875,HSS-RECT,HSS14X14X.875,HSS14X14X7/8,AISC-SHAPES,16.0,149.61,US_CUSTOMARY,41.2,1170,201,167,5.33,1170,201,167,5.33,1910,14,14,11.6,11.6,0.875,0.814,281
AISC-HSS-RECT-HSS14X4X_188,HSS-RECT,HSS14X4X.188,HSS14X4X3/16,AISC-SHAPES,16.0,22.18,US_CUSTOMARY,6.06,137,25.3,19.5,4.74,19,10.3,9.48,1.77,55.8,14,4,13.5,3.48,0.1875,0.174,18.4
AISC-HSS-RECT-HSS14X4X_250,HSS-RECT,HSS14X4X.250,HSS14X4X1/4,AISC-SHAPES,16.0,29.23,US_CUSTOMARY,8.03,178,33.2,25.4,4.71,24.4,13.5,12.2,1.74,72.4,14,4,13.3,3.3,0.25,0.233,24.1
AISC-HSS-RECT-HSS14X4X_313,HSS-RECT,HSS14X4X.313,HSS14X4X5/16,AISC-SHAPES,16.0,36.1,US_CUSTOMARY,9.92,216,40.6,30.9,4.67,29.2,16.4,14.6,1.72,87.7,14,4,13.1,3.13,0.3125,0.291,29.5
AISC-HSS-RECT-HSS14X4X_375,HSS-RECT,HSS14X4X.375,HSS14X4X3/8,AISC-SHAPES,16.0,42.79,US_CUSTOMARY,11.8,252,47.8,36,4.63,33.6,19.1,16.8,1.69,102,14,4,13,2.95,0.375,0.349,34.6
AISC-HSS-RECT-HSS14X4X_500,HSS-RECT,HSS14X4X.500,HSS14X4X1/2,AISC-SHAPES,16.0,55.66,US_CUSTOMARY,15.3,317,61,45.3,4.55,41.2,24.1,20.6,1.64,127,14,4,12.6,2.6,0.5,0.465,44.1
AISC-HSS-RECT-HSS14X4X_625,HSS-RECT,HSS14X4X.625,HSS14X4X5/8,AISC-SHAPES,16.0,67.82,US_CUSTOMARY,18.7,373,73.1,53.3,4.47,47.2,28.5,23.6,1.59,148,14,4,12.3,2.26,0.625,0.581,52.6
AISC-HSS-RECT-HSS14X6X_188,HSS-RECT,HSS14X6X.188,HSS14X6X3/16,AISC-SHAPES,16.0,24.73,US_CUSTOMARY,6.76,170,30.1,24.3,5.01,45.9,16.7,15.3,2.61,116,14,6,13.5,5.48,0.1875,0.174,28
AISC-HSS-RECT-HSS14X6X_250,HSS-RECT,HSS14X6X.250,HSS14X6X1/4,AISC-SHAPES,16.0,32.63,US_CUSTOMARY,8.96,222,39.6,31.7,4.98,59.6,22,19.9,2.58,152,14,6,13.3,5.3,0.25,0.233,36.9
AISC-HSS-RECT-HSS14X6X_313,HSS-RECT,HSS14X6X.313,HSS14X6X5/16,AISC-SHAPES,16.0,40.35,US_CUSTOMARY,11.1,271,48.6,38.7,4.94,72.3,26.9,24.1,2.55,186,14,6,13.1,5.13,0.3125,0.291,45.5
AISC-HSS-RECT-HSS14X6X_375,HSS-RECT,HSS14X6X.375,HSS14X6X3/8,AISC-SHAPES,16.0,47.9,US_CUSTOMARY,13.2,317,57.3,45.3,4.91,84.1,31.6,28,2.53,219,14,6,13,4.95,0.375,0.349,53.7
AISC-HSS-RECT-HSS14X6X_500,HSS-RECT,HSS14X6X.500,HSS14X6X1/2,AISC-SHAPES,16.0,62.46,US_CUSTOMARY,17.2,402,73.6,57.4,4.84,105,40.4,35.1,2.48,279,14,6,12.6,4.61,0.5,0.465,69.3
AISC-HSS-RECT-HSS14X6X_625,HSS-RECT,HSS14X6X.625,HSS14X6X5/8,AISC-SHAPES,16.0,76.33,US_CUSTOMARY,21,478,88.7,68.3,4.77,124,48.4,41.2,2.43,334,14,6,12.3,4.26,0.625,0.581,83.7
AISC-HSS-RECT-HSS14X8X_188,HSS-RECT,HSS14X8X.188,HSS14X8X3/16,AISC-SHAPES,16.0,27.29,US_CUSTOMARY,7.46,203,34.9,29,5.22,86.4,23.8,21.6,3.4,190,14,8,13.5,7.48,0.1875,0.174,37.6
AISC-HSS-RECT-HSS14X8X_250,HSS-RECT,HSS14X8X.250,HSS14X8X1/4,AISC-SHAPES,16.0,36.03,US_CUSTOMARY,9.9,266,46,38,5.19,113,31.4,28.2,3.38,250,14,8,13.3,7.3,0.25,0.233,49.8
AISC-HSS-RECT-HSS14X8X_313,HSS-RECT,HSS14X8X.313,HSS14X8X5/16,AISC-SHAPES,16.0,44.6,US_CUSTOMARY,12.2,325,56.6,46.5,5.15,138,38.6,34.4,3.35,308,14,8,13.1,7.13,0.3125,0.291,61.4
AISC-HSS-RECT-HSS14X8X_375,HSS-RECT,HSS14X8X.375,HSS14X8X3/8,AISC-SHAPES,16.0,53,US_CUSTOMARY,14.6,382,66.8,54.6,5.12,161,45.5,40.2,3.32,363,14,8,13,6.95,0.375,0.349,72.7
AISC-HSS-RECT-HSS14X8X_500,HSS-RECT,HSS14X8X.500,HSS14X8X1/2,AISC-SHAPES,16.0,69.27,US_CUSTOMARY,19,487,86.2,69.6,5.06,204,58.5,51,3.27,469,14,8,12.6,6.61,0.5,0.465,94.5
AISC-HSS-RECT-HSS14X8X_625,HSS-RECT,HSS14X8X.625,HSS14X8X5/8,AISC-SHAPES,16.0,84.84,US_CUSTOMARY,23.3,582,104,83.2,5,242,70.5,60.6,3.22,566,14,8,12.3,6.26,0.625,0.581,115
AISC-HSS-RECT-HSS16X10X_250,HSS-RECT,HSS16X10X.250,HSS16X10X1/4,AISC-SHAPES,16.0,42.84,US_CUSTOMARY,11.8,426,63.7,53.3,6.02,208,46.3,41.6,4.21,437,16,10,15.3,9.3,0.25,0.233,71.7
AISC-HSS-RECT-HSS16X10X_313,HSS-RECT,HSS16X10X.313,HSS16X10X5/16,AISC-SHAPES,16.0,53.11,US_CUSTOMARY,14.6,523,78.6,65.4,5.99,255,57,50.9,4.18,539,16,10,15.1,9.13,0.3125,0.291,88.7
AISC-HSS-RECT-HSS16X10X_375,HSS-RECT,HSS16X10X.375,HSS16X10X3/8,AISC-SHAPES,16.0,63.21,US_CUSTOMARY,17.3,616,93,77,5.96,299,67.4,59.9,4.15,639,16,10,15,8.95,0.375,0.349,105
AISC-HSS-RECT-HSS16X10X_500,HSS-RECT,HSS16X10X.500,HSS16X10X1/2,AISC-SHAPES,16.0,82.88,US_CUSTOMARY,22.8,792,121,99,5.9,383,87.3,76.6,4.1,829,16,10,14.6,8.61,0.5,0.465,137
AISC-HSS-RECT-HSS16X10X_625,HSS-RECT,HSS16X10X.625,HSS16X10X5/8,AISC-SHAPES,16.0,101.85000000000001,US_CUSTOMARY,28,953,147,119,5.84,459,106,91.8,4.05,1010,16,10,14.3,8.26,0.625,0.581,168
AISC-HSS-RECT-HSS16X12X1,HSS-RECT,HSS16X12X1,HSS16X12X1,AISC-SHAPES,16.0,168.18,US_CUSTOMARY,46.4,1570,244,196,5.82,1000,200,167,4.64,2030,16,12,13.2,9.21,1,0.93,307
AISC-HSS-RECT-HSS16X12X_313,HSS-RECT,HSS16X12X.313,HSS16X12X5/16,AISC-SHAPES,16.0,57.36,US_CUSTOMARY,15.7,595,87.7,74.4,6.15,384,72.2,64,4.94,727,16,12,15.1,11.1,0.3125,0.291,107
AISC-HSS-RECT-HSS16X12X_375,HSS-RECT,HSS16X12X.375,HSS16X12X3/8,AISC-SHAPES,16.0,68.31,US_CUSTOMARY,18.7,702,104,87.7,6.12,452,85.5,75.3,4.91,862,16,12,15,11,0.375,0.349,127
AISC-HSS-RECT-HSS16X12X_500,HSS-RECT,HSS16X12X.500,HSS16X12X1/2,AISC-SHAPES,16.0,89.68,US_CUSTOMARY,24.6,904,135,113,6.06,581,111,96.8,4.86,1120,16,12,14.6,10.6,0.5,0.465,166
AISC-HSS-RECT-HSS16X12X_625,HSS-RECT,HSS16X12X.625,HSS16X12X5/8,AISC-SHAPES,16.0,110.36,US_CUSTOMARY,30.3,1090,165,136,6,700,135,117,4.8,1370,16,12,14.3,10.3,0.625,0.581,204
AISC-HSS-RECT-HSS16X12X_750,HSS-RECT,HSS16X12X.750,HSS16X12X3/4,AISC-SHAPES,16.0,130.33,US_CUSTOMARY,35.9,1270,193,159,5.95,810,158,135,4.75,1610,16,12,13.9,9.91,0.75,0.698,240
AISC-HSS-RECT-HSS16X12X_875,HSS-RECT,HSS16X12X.875,HSS16X12X7/8,AISC-SHAPES,16.0,149.61,US_CUSTOMARY,41.2,1430,219,178,5.88,910,179,152,4.7,1830,16,12,13.6,9.56,0.875,0.814,274
AISC-HSS-RECT-HSS16X16X1,HSS-RECT,HSS16X16X1,HSS16X16X1,AISC-SHAPES,16.0,195.4,US_CUSTOMARY,53.8,1990,300,249,6.09,1990,300,249,6.09,3270,16,16,13.2,13.2,1,0.93,419
AISC-HSS-RECT-HSS16X16X_250,HSS-RECT,HSS16X16X.250,HSS16X16X1/4,AISC-SHAPES,16.0,53.050000000000004,US_CUSTOMARY,14.6,600,85.8,75,6.42,600,85.8,75,6.42,921,16,16,15.3,15.3,0.25,0.233,116
AISC-HSS-RECT-HSS16X16X_313,HSS-RECT,HSS16X16X.313,HSS16X16X5/16,AISC-SHAPES,16.0,65.87,US_CUSTOMARY,18.1,739,106,92.3,6.39,739,106,92.3,6.39,1140,16,16,15.1,15.1,0.3125,0.291,144
AISC-HSS-RECT-HSS16X16X_375,HSS-RECT,HSS16X16X.375,HSS16X16X3/8,AISC-SHAPES,16.0,78.52,US_CUSTOMARY,21.5,873,126,109,6.37,873,126,109,6.37,1350,16,16,15,15,0.375,0.349,171
AISC-HSS-RECT-HSS16X16X_500,HSS-RECT,HSS16X16X.500,HSS16X16X1/2,AISC-SHAPES,16.0,103.3,US_CUSTOMARY,28.3,1130,164,141,6.31,1130,164,141,6.31,1770,16,16,14.6,14.6,0.5,0.465,224
AISC-HSS-RECT-HSS16X16X_625,HSS-RECT,HSS16X16X.625,HSS16X16X5/8,AISC-SHAPES,16.0,127.37,US_CUSTOMARY,35,1370,200,171,6.25,1370,200,171,6.25,2170,16,16,14.3,14.3,0.625,0.581,276
AISC-HSS-RECT-HSS16X16X_750,HSS-RECT,HSS16X16X.750,HSS16X16X3/4,AISC-SHAPES,16.0,150.75,US_CUSTOMARY,41.5,1590,235,199,6.19,1590,235,199,6.19,2560,16,16,13.9,13.9,0.75,0.698,326
AISC-HSS-RECT-HSS16X16X_875,HSS-RECT,HSS16X16X.875,HSS16X16X7/8,AISC-SHAPES,16.0,173.43,US_CUSTOMARY,47.7,1800,268,225,6.14,1800,268,225,6.14,2920,16,16,13.6,13.6,0.875,0.814,373
AISC-HSS-RECT-HSS16X4X_188,HSS-RECT,HSS16X4X.188,HSS16X4X3/16,AISC-SHAPES,16.0,24.73,US_CUSTOMARY,6.76,193,31.7,24.2,5.35,21.5,11.7,10.8,1.78,65.5,16,4,15.5,3.48,0.1875,0.174,21.1
AISC-HSS-RECT-HSS16X4X_250,HSS-RECT,HSS16X4X.250,HSS16X4X1/4,AISC-SHAPES,16.0,32.63,US_CUSTOMARY,8.96,253,41.7,31.6,5.31,27.7,15.2,13.8,1.76,85.2,16,4,15.3,3.3,0.25,0.233,27.6
AISC-HSS-RECT-HSS16X4X_313,HSS-RECT,HSS16X4X.313,HSS16X4X5/16,AISC-SHAPES,16.0,40.35,US_CUSTOMARY,11.1,308,51.1,38.5,5.27,33.2,18.5,16.6,1.73,103,16,4,15.1,3.13,0.3125,0.291,33.8
AISC-HSS-RECT-HSS16X4X_375,HSS-RECT,HSS16X4X.375,HSS16X4X3/8,AISC-SHAPES,16.0,47.9,US_CUSTOMARY,13.2,360,60.2,45,5.23,38.3,21.7,19.1,1.71,120,16,4,15,2.95,0.375,0.349,39.7
AISC-HSS-RECT-HSS16X4X_500,HSS-RECT,HSS16X4X.500,HSS16X4X1/2,AISC-SHAPES,16.0,62.46,US_CUSTOMARY,17.2,455,77.3,56.9,5.15,47,27.4,23.5,1.65,150,16,4,14.6,2.6,0.5,0.465,50.7
AISC-HSS-RECT-HSS16X4X_625,HSS-RECT,HSS16X4X.625,HSS16X4X5/8,AISC-SHAPES,16.0,76.33,US_CUSTOMARY,21,539,92.9,67.3,5.06,54.1,32.5,27,1.6,174,16,4,14.3,2.26,0.625,0.581,60.5
AISC-HSS-RECT-HSS16X6X_188,HSS-RECT,HSS16X6X.188,HSS16X6X3/16,AISC-SHAPES,16.0,27.29,US_CUSTOMARY,7.46,237,37.2,29.6,5.64,51.8,18.8,17.3,2.64,138,16,6,15.5,5.48,0.1875,0.174,32.1
AISC-HSS-RECT-HSS16X6X_250,HSS-RECT,HSS16X6X.250,HSS16X6X1/4,AISC-SHAPES,16.0,36.03,US_CUSTOMARY,9.9,311,49,38.8,5.6,67.4,24.7,22.5,2.61,181,16,6,15.3,5.3,0.25,0.233,42.3
AISC-HSS-RECT-HSS16X6X_313,HSS-RECT,HSS16X6X.313,HSS16X6X5/16,AISC-SHAPES,16.0,44.6,US_CUSTOMARY,12.2,379,60.3,47.4,5.57,81.8,30.2,27.3,2.58,222,16,6,15.1,5.13,0.3125,0.291,52.1
AISC-HSS-RECT-HSS16X6X_375,HSS-RECT,HSS16X6X.375,HSS16X6X3/8,AISC-SHAPES,16.0,53,US_CUSTOMARY,14.6,445,71.1,55.6,5.53,95.3,35.5,31.8,2.56,260,16,6,15,4.95,0.375,0.349,61.6
AISC-HSS-RECT-HSS16X6X_500,HSS-RECT,HSS16X6X.500,HSS16X6X1/2,AISC-SHAPES,16.0,69.27,US_CUSTOMARY,19,567,91.7,70.9,5.46,120,45.5,39.9,2.51,333,16,6,14.6,4.61,0.5,0.465,79.6
AISC-HSS-RECT-HSS16X6X_625,HSS-RECT,HSS16X6X.625,HSS16X6X5/8,AISC-SHAPES,16.0,84.84,US_CUSTOMARY,23.3,677,111,84.6,5.38,141,54.7,46.9,2.46,398,16,6,14.3,4.26,0.625,0.581,96.3
AISC-HSS-RECT-HSS16X8X_250,HSS-RECT,HSS16X8X.250,HSS16X8X1/4,AISC-SHAPES,16.0,39.43,US_CUSTOMARY,10.8,368,56.4,46.1,5.83,127,35,31.7,3.42,300,16,8,15.3,7.3,0.25,0.233,57
AISC-HSS-RECT-HSS16X8X_313,HSS-RECT,HSS16X8X.313,HSS16X8X5/16,AISC-SHAPES,16.0,48.86,US_CUSTOMARY,13.4,451,69.4,56.4,5.8,155,43,38.7,3.4,369,16,8,15.1,7.13,0.3125,0.291,70.4
AISC-HSS-RECT-HSS16X8X_375,HSS-RECT,HSS16X8X.375,HSS16X8X3/8,AISC-SHAPES,16.0,58.1,US_CUSTOMARY,16,531,82.1,66.3,5.77,181,50.8,45.3,3.37,436,16,8,15,6.95,0.375,0.349,83.4
AISC-HSS-RECT-HSS16X8X_500,HSS-RECT,HSS16X8X.500,HSS16X8X1/2,AISC-SHAPES,16.0,76.07,US_CUSTOMARY,20.9,679,106,84.9,5.7,230,65.5,57.6,3.32,563,16,8,14.6,6.6,0.5,0.465,108
AISC-HSS-RECT-HSS16X8X_625,HSS-RECT,HSS16X8X.625,HSS16X8X5/8,AISC-SHAPES,16.0,93.34,US_CUSTOMARY,25.7,815,129,102,5.64,274,79.2,68.6,3.27,681,16,8,14.3,6.26,0.625,0.581,132
AISC-HSS-RECT-HSS16X8X_750,HSS-RECT,HSS16X8X.750,HSS16X8X3/4,AISC-SHAPES,16.0,109.91,US_CUSTOMARY,30.3,939,150,117,5.57,314,91.9,78.4,3.22,790,16,8,13.9,5.91,0.75,0.698,155
AISC-HSS-RECT-HSS16X8X_875,HSS-RECT,HSS16X8X.875,HSS16X8X7/8,AISC-SHAPES,16.0,125.79,US_CUSTOMARY,34.7,1050,170,131,5.5,348,104,87,3.17,888,16,8,13.6,5.56,0.875,0.814,176
AISC-HSS-RECT-HSS18X10X_250,HSS-RECT,HSS18X10X.250,HSS18X10X1/4,AISC-SHAPES,16.0,46.24,US_CUSTOMARY,12.7,566,76,62.9,6.68,230,50.9,46.1,4.26,515,18,10,17.3,9.3,0.25,0.233,80.8
AISC-HSS-RECT-HSS18X10X_313,HSS-RECT,HSS18X10X.313,HSS18X10X5/16,AISC-SHAPES,16.0,57.36,US_CUSTOMARY,15.7,695,93.7,77.2,6.65,282,62.7,56.4,4.23,635,18,10,17.1,9.13,0.3125,0.291,100
AISC-HSS-RECT-HSS18X10X_375,HSS-RECT,HSS18X10X.375,HSS18X10X3/8,AISC-SHAPES,16.0,68.31,US_CUSTOMARY,18.7,820,111,91.1,6.61,332,74.2,66.4,4.21,752,18,10,17,8.95,0.375,0.349,119
AISC-HSS-RECT-HSS18X10X_500,HSS-RECT,HSS18X10X.500,HSS18X10X1/2,AISC-SHAPES,16.0,89.68,US_CUSTOMARY,24.6,1060,144,117,6.55,425,96.2,85,4.16,977,18,10,16.6,8.61,0.5,0.465,155
AISC-HSS-RECT-HSS18X10X_625,HSS-RECT,HSS18X10X.625,HSS18X10X5/8,AISC-SHAPES,16.0,110.36,US_CUSTOMARY,30.3,1280,176,142,6.49,511,117,102,4.1,1190,18,10,16.3,8.26,0.625,0.581,190
AISC-HSS-RECT-HSS18X18X1,HSS-RECT,HSS18X18X1,HSS18X18X1,AISC-SHAPES,16.0,222.63,US_CUSTOMARY,61.3,2920,387,324,6.9,2920,387,324,6.9,4740,18,18,15.2,15.2,1,0.93,539
AISC-HSS-RECT-HSS18X18X_250,HSS-RECT,HSS18X18X.250,HSS18X18X1/4,AISC-SHAPES,16.0,59.85,US_CUSTOMARY,16.4,860,109,95.6,7.24,860,109,95.6,7.24,1320,18,18,17.3,17.3,0.25,0.233,147
AISC-HSS-RECT-HSS18X18X_313,HSS-RECT,HSS18X18X.313,HSS18X18X5/16,AISC-SHAPES,16.0,74.38,US_CUSTOMARY,20.4,1060,135,118,7.21,1060,135,118,7.21,1630,18,18,17.1,17.1,0.3125,0.291,182
AISC-HSS-RECT-HSS18X18X_375,HSS-RECT,HSS18X18X.375,HSS18X18X3/8,AISC-SHAPES,16.0,88.73,US_CUSTOMARY,24.3,1250,160,139,7.18,1250,160,139,7.18,1940,18,18,17,17,0.375,0.349,217
AISC-HSS-RECT-HSS18X18X_500,HSS-RECT,HSS18X18X.500,HSS18X18X1/2,AISC-SHAPES,16.0,116.91,US_CUSTOMARY,32.1,1630,210,181,7.13,1630,210,181,7.13,2540,18,18,16.6,16.6,0.5,0.465,286
AISC-HSS-RECT-HSS18X18X_625,HSS-RECT,HSS18X18X.625,HSS18X18X5/8,AISC-SHAPES,16.0,144.39,US_CUSTOMARY,39.6,1980,257,220,7.07,1980,257,220,7.07,3120,18,18,16.3,16.3,0.625,0.581,352
AISC-HSS-RECT-HSS18X18X_750,HSS-RECT,HSS18X18X.750,HSS18X18X3/4,AISC-SHAPES,16.0,171.16,US_CUSTOMARY,47.1,2320,302,258,7.02,2320,302,258,7.02,3690,18,18,15.9,15.9,0.75,0.698,417
AISC-HSS-RECT-HSS18X18X_875,HSS-RECT,HSS18X18X.875,HSS18X18X7/8,AISC-SHAPES,16.0,197.24,US_CUSTOMARY,54.3,2630,346,292,6.96,2630,346,292,6.96,4220,18,18,15.6,15.6,0.875,0.814,479
AISC-HSS-RECT-HSS18X6X_250,HSS-RECT,HSS18X6X.250,HSS18X6X1/4,AISC-SHAPES,16.0,39.43,US_CUSTOMARY,10.8,419,59.4,46.5,6.22,75.1,27.3,25,2.63,210,18,6,17.3,5.3,0.25,0.233,47.7
AISC-HSS-RECT-HSS18X6X_313,HSS-RECT,HSS18X6X.313,HSS18X6X5/16,AISC-SHAPES,16.0,48.86,US_CUSTOMARY,13.4,513,73.1,57,6.18,91.3,33.5,30.4,2.61,257,18,6,17.1,5.13,0.3125,0.291,58.7
AISC-HSS-RECT-HSS18X6X_375,HSS-RECT,HSS18X6X.375,HSS18X6X3/8,AISC-SHAPES,16.0,58.1,US_CUSTOMARY,16,602,86.4,66.9,6.15,106,39.5,35.5,2.58,302,18,6,17,4.95,0.375,0.349,69.5
AISC-HSS-RECT-HSS18X6X_500,HSS-RECT,HSS18X6X.500,HSS18X6X1/2,AISC-SHAPES,16.0,76.07,US_CUSTOMARY,20.9,770,112,85.6,6.07,134,50.7,44.6,2.53,387,18,6,16.6,4.61,0.5,0.465,89.9
AISC-HSS-RECT-HSS18X6X_625,HSS-RECT,HSS18X6X.625,HSS18X6X5/8,AISC-SHAPES,16.0,93.34,US_CUSTOMARY,25.7,923,135,103,6,158,61,52.7,2.48,462,18,6,16.3,4.26,0.625,0.581,109
AISC-HSS-RECT-HSS18X6X_750,HSS-RECT,HSS18X6X.750,HSS18X6X3/4,AISC-SHAPES,16.0,109.91,US_CUSTOMARY,30.3,1060,158,118,5.92,179,70.4,59.6,2.43,530,18,6,15.9,3.91,0.75,0.698,127
AISC-HSS-RECT-HSS18X8X_250,HSS-RECT,HSS18X8X.250,HSS18X8X1/4,AISC-SHAPES,16.0,42.84,US_CUSTOMARY,11.8,492,67.7,54.7,6.47,141,38.6,35.2,3.46,351,18,8,17.3,7.3,0.25,0.233,64.3
AISC-HSS-RECT-HSS18X8X_313,HSS-RECT,HSS18X8X.313,HSS18X8X5/16,AISC-SHAPES,16.0,53.11,US_CUSTOMARY,14.6,604,83.4,67.1,6.44,172,47.5,43,3.44,432,18,8,17.1,7.13,0.3125,0.291,79.4
AISC-HSS-RECT-HSS18X8X_375,HSS-RECT,HSS18X8X.375,HSS18X8X3/8,AISC-SHAPES,16.0,63.21,US_CUSTOMARY,17.3,711,98.7,79,6.4,202,56.1,50.5,3.41,510,18,8,17,6.95,0.375,0.349,94.1
AISC-HSS-RECT-HSS18X8X_500,HSS-RECT,HSS18X8X.500,HSS18X8X1/2,AISC-SHAPES,16.0,82.88,US_CUSTOMARY,22.8,913,128,101,6.33,257,72.5,64.2,3.36,659,18,8,16.6,6.61,0.5,0.465,122
AISC-HSS-RECT-HSS18X8X_625,HSS-RECT,HSS18X8X.625,HSS18X8X5/8,AISC-SHAPES,16.0,101.85000000000001,US_CUSTOMARY,28,1100,156,122,6.27,306,87.8,76.6,3.31,797,18,8,16.3,6.26,0.625,0.581,149
AISC-HSS-RECT-HSS1_1_2X1_1_2X_125,HSS-RECT,HSS1-1/2X1-1/2X.125,HSS1-1/2X1-1/2X1/8,AISC-SHAPES,16.0,2.2,US_CUSTOMARY,0.608,0.188,0.309,0.251,0.557,0.188,0.309,0.251,0.557,0.316,1.5,1.5,1.15,1.15,0.125,0.116,0.438
AISC-HSS-RECT-HSS1_1_2X1_1_2X_188,HSS-RECT,HSS1-1/2X1-1/2X.188,HSS1-1/2X1-1/2X3/16,AISC-SHAPES,16.0,3.04,US_CUSTOMARY,0.845,0.236,0.406,0.315,0.528,0.236,0.406,0.315,0.528,0.414,1.5,1.5,0.978,0.978,0.188,0.174,0.592
AISC-HSS-RECT-HSS1_1_2X1_1_2X_250,HSS-RECT,HSS1-1/2X1-1/2X.250,HSS1-1/2X1-1/2X1/4,AISC-SHAPES,16.0,3.71,US_CUSTOMARY,1.04,0.26,0.469,0.346,0.5,0.26,0.469,0.346,0.5,0.47,1.5,1.5,0.801,0.801,0.25,0.233,0.699
AISC-HSS-RECT-HSS20X12X1,HSS-RECT,HSS20X12X1,HSS20X12X1,AISC-SHAPES,16.0,195.4,US_CUSTOMARY,53.8,2740,344,274,7.14,1230,241,205,4.78,2820,20,12,17.2,9.21,1,0.93,390
AISC-HSS-RECT-HSS20X12X_313,HSS-RECT,HSS20X12X.313,HSS20X12X5/16,AISC-SHAPES,16.0,65.87,US_CUSTOMARY,18.1,1010,122,101,7.48,464,85.8,77.3,5.07,997,20,12,19.1,11.1,0.3125,0.291,134
AISC-HSS-RECT-HSS20X12X_375,HSS-RECT,HSS20X12X.375,HSS20X12X3/8,AISC-SHAPES,16.0,78.52,US_CUSTOMARY,21.5,1200,144,120,7.45,547,102,91.1,5.04,1180,20,12,19,11,0.375,0.349,160
AISC-HSS-RECT-HSS20X12X_500,HSS-RECT,HSS20X12X.500,HSS20X12X1/2,AISC-SHAPES,16.0,103.3,US_CUSTOMARY,28.3,1550,188,155,7.39,705,132,117,4.99,1540,20,12,18.6,10.6,0.5,0.465,209
AISC-HSS-RECT-HSS20X12X_625,HSS-RECT,HSS20X12X.625,HSS20X12X5/8,AISC-SHAPES,16.0,127.37,US_CUSTOMARY,35,1880,230,188,7.33,851,162,142,4.93,1890,20,12,18.3,10.3,0.625,0.581,257
AISC-HSS-RECT-HSS20X12X_750,HSS-RECT,HSS20X12X.750,HSS20X12X3/4,AISC-SHAPES,16.0,150.75,US_CUSTOMARY,41.5,2190,270,219,7.26,988,190,165,4.88,2220,20,12,17.9,9.91,0.75,0.698,303
AISC-HSS-RECT-HSS20X12X_875,HSS-RECT,HSS20X12X.875,HSS20X12X7/8,AISC-SHAPES,16.0,173.43,US_CUSTOMARY,47.7,2480,308,248,7.2,1110,216,186,4.83,2530,20,12,17.6,9.56,0.875,0.814,347
AISC-HSS-RECT-HSS20X16X_250,HSS-RECT,HSS20X16X.250,HSS20X16X1/4,AISC-SHAPES,16.0,59.85,US_CUSTOMARY,16.4,1000,117,100,7.82,716,100,89.5,6.6,1280,20,16,19.3,15.3,0.25,0.233,145
AISC-HSS-RECT-HSS20X16X_313,HSS-RECT,HSS20X16X.313,HSS20X16X5/16,AISC-SHAPES,16.0,74.38,US_CUSTOMARY,20.4,1240,144,124,7.79,882,124,110,6.58,1590,20,16,19.1,15.1,0.3125,0.291,180
AISC-HSS-RECT-HSS20X16X_375,HSS-RECT,HSS20X16X.375,HSS20X16X3/8,AISC-SHAPES,16.0,88.73,US_CUSTOMARY,24.3,1470,172,147,7.76,1040,148,130,6.55,1890,20,16,19,15,0.375,0.349,215
AISC-HSS-RECT-HSS20X16X_500,HSS-RECT,HSS20X16X.500,HSS20X16X1/2,AISC-SHAPES,16.0,116.91,US_CUSTOMARY,32.1,1900,224,190,7.7,1350,193,169,6.5,2480,20,16,18.6,14.6,0.5,0.465,282
AISC-HSS-RECT-HSS20X16X_625,HSS-RECT,HSS20X16X.625,HSS20X16X5/8,AISC-SHAPES,16.0,144.39000000000001,US_CUSTOMARY,39.6,2320,275,232,7.65,1640,236,206,6.44,3040,20,16,18.3,14.3,0.625,0.581,347
AISC-HSS-RECT-HSS20X16X_750,HSS-RECT,HSS20X16X.750,HSS20X16X3/4,AISC-SHAPES,16.0,171.16,US_CUSTOMARY,47.1,2710,324,271,7.59,1920,278,240,6.39,3590,20,16,17.9,13.9,0.75,0.698,411
AISC-HSS-RECT-HSS20X20X1,HSS-RECT,HSS20X20X1,HSS20X20X1,AISC-SHAPES,16.0,249.85,US_CUSTOMARY,68.7,4100,486,410,7.72,4100,486,410,7.72,6600,20,20,17.2,17.2,1,0.93,673
AISC-HSS-RECT-HSS20X20X_313,HSS-RECT,HSS20X20X.313,HSS20X20X5/16,AISC-SHAPES,16.0,82.88,US_CUSTOMARY,22.7,1460,167,146,8.03,1460,167,146,8.03,2250,20,20,19.1,19.1,0.3125,0.291,226
AISC-HSS-RECT-HSS20X20X_375,HSS-RECT,HSS20X20X.375,HSS20X20X3/8,AISC-SHAPES,16.0,98.94,US_CUSTOMARY,27.1,1740,199,174,8,1740,199,174,8,2680,20,20,19,19,0.375,0.349,269
AISC-HSS-RECT-HSS20X20X_500,HSS-RECT,HSS20X20X.500,HSS20X20X1/2,AISC-SHAPES,16.0,130.52,US_CUSTOMARY,35.8,2260,261,226,7.95,2260,261,226,7.95,3510,20,20,18.6,18.6,0.5,0.465,355
AISC-HSS-RECT-HSS20X20X_625,HSS-RECT,HSS20X20X.625,HSS20X20X5/8,AISC-SHAPES,16.0,161.4,US_CUSTOMARY,44.3,2750,320,275,7.88,2750,320,275,7.88,4320,20,20,18.3,18.3,0.625,0.581,437
AISC-HSS-RECT-HSS20X20X_750,HSS-RECT,HSS20X20X.750,HSS20X20X3/4,AISC-SHAPES,16.0,191.58,US_CUSTOMARY,52.6,3230,378,323,7.84,3230,378,323,7.84,5110,20,20,17.9,17.9,0.75,0.698,519
AISC-HSS-RECT-HSS20X20X_875,HSS-RECT,HSS20X20X.875,HSS20X20X7/8,AISC-SHAPES,16.0,221.06,US_CUSTOMARY,60.8,3670,433,367,7.77,3670,433,367,7.77,5870,20,20,17.6,17.6,0.875,0.814,597
AISC-HSS-RECT-HSS20X4X_250,HSS-RECT,HSS20X4X.250,HSS20X4X1/4,AISC-SHAPES,16.0,39.43,US_CUSTOMARY,10.8,458,61.5,45.8,6.5,34.3,18.7,17.1,1.78,111,20,4,19.3,3.3,0.25,0.233,34.7
AISC-HSS-RECT-HSS20X4X_313,HSS-RECT,HSS20X4X.313,HSS20X4X5/16,AISC-SHAPES,16.0,48.86,US_CUSTOMARY,13.4,560,75.6,56,6.46,41.2,22.9,20.6,1.75,134,20,4,19.1,3.13,0.3125,0.291,42.4
AISC-HSS-RECT-HSS20X4X_375,HSS-RECT,HSS20X4X.375,HSS20X4X3/8,AISC-SHAPES,16.0,58.1,US_CUSTOMARY,16,657,89.3,65.7,6.42,47.6,26.8,23.8,1.73,156,20,4,19,2.95,0.375,0.349,49.9
AISC-HSS-RECT-HSS20X4X_500,HSS-RECT,HSS20X4X.500,HSS20X4X1/2,AISC-SHAPES,16.0,76.07,US_CUSTOMARY,20.9,838,115,83.8,6.33,58.7,34,29.3,1.68,195,20,4,18.6,2.6,0.5,0.465,63.8
AISC-HSS-RECT-HSS20X6X_250,HSS-RECT,HSS20X6X.250,HSS20X6X1/4,AISC-SHAPES,16.0,42.84,US_CUSTOMARY,11.8,549,70.7,54.9,6.83,82.9,30,27.6,2.66,240,20,6,19.3,5.3,0.25,0.233,53.1
AISC-HSS-RECT-HSS20X6X_313,HSS-RECT,HSS20X6X.313,HSS20X6X5/16,AISC-SHAPES,16.0,53.11,US_CUSTOMARY,14.6,673,87.1,67.3,6.79,101,36.9,33.6,2.63,293,20,6,19.1,5.13,0.3125,0.291,65.4
AISC-HSS-RECT-HSS20X6X_375,HSS-RECT,HSS20X6X.375,HSS20X6X3/8,AISC-SHAPES,16.0,63.21,US_CUSTOMARY,17.3,792,103,79.2,6.76,118,43.4,39.2,2.6,345,20,6,19,4.95,0.375,0.349,77.3
AISC-HSS-RECT-HSS20X6X_500,HSS-RECT,HSS20X6X.500,HSS20X6X1/2,AISC-SHAPES,16.0,82.88,US_CUSTOMARY,22.8,1020,134,102,6.68,148,55.8,49.4,2.55,441,20,6,18.6,4.61,0.5,0.465,100
AISC-HSS-RECT-HSS20X6X_625,HSS-RECT,HSS20X6X.625,HSS20X6X5/8,AISC-SHAPES,16.0,101.85000000000001,US_CUSTOMARY,28,1220,162,122,6.6,175,67.3,58.4,2.5,528,20,6,18.3,4.26,0.625,0.581,122
AISC-HSS-RECT-HSS20X8X1,HSS-RECT,HSS20X8X1,HSS20X8X1,AISC-SHAPES,16.0,168.18,US_CUSTOMARY,46.4,2060,273,206,6.67,472,141,118,3.19,1320,20,8,17.2,5.21,1,0.93,248
AISC-HSS-RECT-HSS20X8X_313,HSS-RECT,HSS20X8X.313,HSS20X8X5/16,AISC-SHAPES,16.0,57.36,US_CUSTOMARY,15.7,786,98.6,78.6,7.07,189,52,47.4,3.47,496,20,8,19.1,7.13,0.3125,0.291,88.3
AISC-HSS-RECT-HSS20X8X_375,HSS-RECT,HSS20X8X.375,HSS20X8X3/8,AISC-SHAPES,16.0,68.31,US_CUSTOMARY,18.7,926,117,92.6,7.03,222,61.5,55.6,3.44,586,20,8,19,6.95,0.375,0.349,105
AISC-HSS-RECT-HSS20X8X_500,HSS-RECT,HSS20X8X.500,HSS20X8X1/2,AISC-SHAPES,16.0,89.68,US_CUSTOMARY,24.6,1190,152,119,6.96,283,79.5,70.8,3.39,757,20,8,18.6,6.6,0.5,0.465,137
AISC-HSS-RECT-HSS20X8X_625,HSS-RECT,HSS20X8X.625,HSS20X8X5/8,AISC-SHAPES,16.0,110.36,US_CUSTOMARY,30.3,1440,185,144,6.89,338,96.4,84.6,3.34,916,20,8,18.3,6.26,0.625,0.581,167
AISC-HSS-RECT-HSS20X8X_750,HSS-RECT,HSS20X8X.750,HSS20X8X3/4,AISC-SHAPES,16.0,130.33,US_CUSTOMARY,35.9,1670,216,167,6.82,388,112,97.1,3.29,1060,20,8,17.9,5.91,0.75,0.698,195
AISC-HSS-RECT-HSS20X8X_875,HSS-RECT,HSS20X8X.875,HSS20X8X7/8,AISC-SHAPES,16.0,149.61,US_CUSTOMARY,41.2,1880,246,188,6.74,432,127,108,3.24,1200,20,8,17.6,5.56,0.875,0.814,222
AISC-HSS-RECT-HSS22X10X_250,HSS-RECT,HSS22X10X.250,HSS22X10X1/4,AISC-SHAPES,16.0,53.050000000000004,US_CUSTOMARY,14.6,923,103,83.9,7.96,275,60,55,4.34,674,22,10,21.3,9.3,0.25,0.233,99
AISC-HSS-RECT-HSS22X10X_313,HSS-RECT,HSS22X10X.313,HSS22X10X5/16,AISC-SHAPES,16.0,65.87,US_CUSTOMARY,18.1,1140,128,103,7.93,337,74,67.4,4.32,832,22,10,21.1,9.13,0.3125,0.291,123
AISC-HSS-RECT-HSS22X10X_375,HSS-RECT,HSS22X10X.375,HSS22X10X3/8,AISC-SHAPES,16.0,78.52,US_CUSTOMARY,21.5,1340,151,122,7.9,397,87.7,79.4,4.29,986,22,10,21,8.95,0.375,0.349,146
AISC-HSS-RECT-HSS22X10X_500,HSS-RECT,HSS22X10X.500,HSS22X10X1/2,AISC-SHAPES,16.0,103.3,US_CUSTOMARY,28.3,1740,197,158,7.83,510,114,102,4.24,1280,22,10,20.6,8.61,0.5,0.465,191
AISC-HSS-RECT-HSS22X10X_625,HSS-RECT,HSS22X10X.625,HSS22X10X5/8,AISC-SHAPES,16.0,127.37,US_CUSTOMARY,35,2110,241,191,7.76,614,139,123,4.19,1560,22,10,20.3,8.26,0.625,0.581,234
AISC-HSS-RECT-HSS22X14X_250,HSS-RECT,HSS22X14X.250,HSS22X14X1/4,AISC-SHAPES,16.0,59.85,US_CUSTOMARY,16.4,1140,123,104,8.35,575,90.9,82.2,5.92,1190,22,14,21.3,13.3,0.25,0.233,140
AISC-HSS-RECT-HSS22X14X_313,HSS-RECT,HSS22X14X.313,HSS22X14X5/16,AISC-SHAPES,16.0,74.38,US_CUSTOMARY,20.4,1410,153,128,8.32,708,112,101,5.89,1470,22,14,21.1,13.1,0.3125,0.291,173
AISC-HSS-RECT-HSS22X14X_375,HSS-RECT,HSS22X14X.375,HSS22X14X3/8,AISC-SHAPES,16.0,88.73,US_CUSTOMARY,24.3,1670,182,152,8.29,837,134,120,5.87,1750,22,14,21,13,0.375,0.349,206
AISC-HSS-RECT-HSS22X14X_500,HSS-RECT,HSS22X14X.500,HSS22X14X1/2,AISC-SHAPES,16.0,116.91,US_CUSTOMARY,32.1,2170,237,197,8.22,1080,174,155,5.81,2290,22,14,20.6,12.6,0.5,0.465,271
AISC-HSS-RECT-HSS22X14X_625,HSS-RECT,HSS22X14X.625,HSS22X14X5/8,AISC-SHAPES,16.0,144.39000000000001,US_CUSTOMARY,39.6,2640,291,240,8.16,1320,213,188,5.76,2800,22,14,20.3,12.3,0.625,0.581,333
AISC-HSS-RECT-HSS22X14X_750,HSS-RECT,HSS22X14X.750,HSS22X14X3/4,AISC-SHAPES,16.0,171.16,US_CUSTOMARY,47.1,3090,343,281,8.1,1530,251,219,5.71,3300,22,14,19.9,11.9,0.75,0.698,394
AISC-HSS-RECT-HSS22X16X_250,HSS-RECT,HSS22X16X.250,HSS22X16X1/4,AISC-SHAPES,16.0,63.25,US_CUSTOMARY,17.4,1250,134,114,8.5,774,108,96.7,6.68,1470,22,16,21.3,15.3,0.25,0.233,160
AISC-HSS-RECT-HSS22X16X_313,HSS-RECT,HSS22X16X.313,HSS22X16X5/16,AISC-SHAPES,16.0,78.63,US_CUSTOMARY,21.6,1550,165,141,8.47,954,133,119,6.65,1830,22,16,21.1,15.1,0.3125,0.291,198
AISC-HSS-RECT-HSS22X16X_375,HSS-RECT,HSS22X16X.375,HSS22X16X3/8,AISC-SHAPES,16.0,93.83,US_CUSTOMARY,25.7,1830,197,167,8.44,1130,159,141,6.63,2170,22,16,21,15,0.375,0.349,236
AISC-HSS-RECT-HSS22X16X_500,HSS-RECT,HSS22X16X.500,HSS22X16X1/2,AISC-SHAPES,16.0,123.71000000000001,US_CUSTOMARY,33.9,2380,257,217,8.38,1470,207,183,6.57,2850,22,16,20.6,14.6,0.5,0.465,311
AISC-HSS-RECT-HSS22X16X_625,HSS-RECT,HSS22X16X.625,HSS22X16X5/8,AISC-SHAPES,16.0,152.89000000000001,US_CUSTOMARY,41.9,2910,316,264,8.32,1780,254,223,6.52,3500,22,16,20.3,14.3,0.625,0.581,383
AISC-HSS-RECT-HSS22X16X_750,HSS-RECT,HSS22X16X.750,HSS22X16X3/4,AISC-SHAPES,16.0,181.37,US_CUSTOMARY,49.8,3400,372,309,8.26,2080,300,260,6.47,4130,22,16,19.9,13.9,0.75,0.698,454
AISC-HSS-RECT-HSS22X18X_313,HSS-RECT,HSS22X18X.313,HSS22X18X5/16,AISC-SHAPES,16.0,82.88,US_CUSTOMARY,22.7,1680,178,153,8.61,1240,156,138,7.4,2200,22,18,21.1,17.1,0.3125,0.291,224
AISC-HSS-RECT-HSS22X18X_375,HSS-RECT,HSS22X18X.375,HSS22X18X3/8,AISC-SHAPES,16.0,98.94,US_CUSTOMARY,27.1,2000,212,182,8.58,1470,185,164,7.37,2620,22,18,21,17,0.375,0.349,267
AISC-HSS-RECT-HSS22X18X_500,HSS-RECT,HSS22X18X.500,HSS22X18X1/2,AISC-SHAPES,16.0,130.52,US_CUSTOMARY,35.8,2600,277,236,8.52,1910,242,213,7.31,3440,22,18,20.6,16.6,0.5,0.465,351
AISC-HSS-RECT-HSS22X18X_625,HSS-RECT,HSS22X18X.625,HSS22X18X5/8,AISC-SHAPES,16.0,161.4,US_CUSTOMARY,44.3,3170,341,288,8.47,2330,297,259,7.26,4230,22,18,20.3,16.3,0.625,0.581,433
AISC-HSS-RECT-HSS22X18X_750,HSS-RECT,HSS22X18X.750,HSS22X18X3/4,AISC-SHAPES,16.0,191.58,US_CUSTOMARY,52.6,3720,402,338,8.41,2730,351,304,7.21,5000,22,18,19.9,15.9,0.75,0.698,513
AISC-HSS-RECT-HSS22X20X_313,HSS-RECT,HSS22X20X.313,HSS22X20X5/16,AISC-SHAPES,16.0,87.14,US_CUSTOMARY,23.9,1820,191,166,8.73,1580,179,158,8.13,2590,22,20,21.1,19.1,0.3125,0.291,249
AISC-HSS-RECT-HSS22X20X_375,HSS-RECT,HSS22X20X.375,HSS22X20X3/8,AISC-SHAPES,16.0,104.04,US_CUSTOMARY,28.5,2160,227,196,8.71,1870,213,187,8.1,3090,22,20,21,19,0.375,0.349,297
AISC-HSS-RECT-HSS22X20X_500,HSS-RECT,HSS22X20X.500,HSS22X20X1/2,AISC-SHAPES,16.0,137.32,US_CUSTOMARY,37.6,2820,297,256,8.65,2440,279,244,8.04,4060,22,20,20.6,18.6,0.5,0.465,391
AISC-HSS-RECT-HSS22X20X_625,HSS-RECT,HSS22X20X.625,HSS22X20X5/8,AISC-SHAPES,16.0,169.91,US_CUSTOMARY,46.6,3440,366,313,8.59,2970,343,297,7.99,5000,22,20,20.3,18.3,0.625,0.581,483
AISC-HSS-RECT-HSS22X20X_750,HSS-RECT,HSS22X20X.750,HSS22X20X3/4,AISC-SHAPES,16.0,201.79,US_CUSTOMARY,55.4,4040,432,367,8.54,3490,405,349,7.93,5920,22,20,19.9,17.9,0.75,0.698,573
AISC-HSS-RECT-HSS22X22X1,HSS-RECT,HSS22X22X1,HSS22X22X1,AISC-SHAPES,16.0,277.07,US_CUSTOMARY,76.2,5550,596,505,8.54,5550,596,505,8.54,8890,22,22,19.2,19.2,1,0.93,823
AISC-HSS-RECT-HSS22X22X_500,HSS-RECT,HSS22X22X.500,HSS22X22X1/2,AISC-SHAPES,16.0,144.13,US_CUSTOMARY,39.5,3030,317,276,8.76,3030,317,276,8.76,4700,22,22,20.6,20.6,0.5,0.465,431
AISC-HSS-RECT-HSS22X22X_625,HSS-RECT,HSS22X22X.625,HSS22X22X5/8,AISC-SHAPES,16.0,178.41,US_CUSTOMARY,48.9,3710,390,337,8.7,3710,390,337,8.7,5790,22,22,20.3,20.3,0.625,0.581,532
AISC-HSS-RECT-HSS22X22X_750,HSS-RECT,HSS22X22X.750,HSS22X22X3/4,AISC-SHAPES,16.0,212,US_CUSTOMARY,58.2,4350,462,395,8.65,4350,462,395,8.65,6860,22,22,19.9,19.9,0.75,0.698,632
AISC-HSS-RECT-HSS22X22X_875,HSS-RECT,HSS22X22X.875,HSS22X22X7/8,AISC-SHAPES,16.0,244.88,US_CUSTOMARY,67.3,4970,530,452,8.59,4970,530,452,8.59,7890,22,22,19.6,19.6,0.875,0.814,729
AISC-HSS-RECT-HSS24X12X1,HSS-RECT,HSS24X12X1,HSS24X12X1,AISC-SHAPES,16.0,222.63,US_CUSTOMARY,61.3,4340,459,362,8.42,1460,282,243,4.88,3630,24,12,21.2,9.21,1,0.93,472
AISC-HSS-RECT-HSS24X12X_250,HSS-RECT,HSS24X12X.250,HSS24X12X1/4,AISC-SHAPES,16.0,59.85,US_CUSTOMARY,16.4,1280,129,106,8.82,442,80.5,73.6,5.19,1030,24,12,23.3,11.3,0.25,0.233,130
AISC-HSS-RECT-HSS24X12X_313,HSS-RECT,HSS24X12X.313,HSS24X12X5/16,AISC-SHAPES,16.0,74.38,US_CUSTOMARY,20.4,1570,160,131,8.78,543,99.4,90.6,5.16,1280,24,12,23.1,11.1,0.3125,0.291,161
AISC-HSS-RECT-HSS24X12X_375,HSS-RECT,HSS24X12X.375,HSS24X12X3/8,AISC-SHAPES,16.0,88.73,US_CUSTOMARY,24.3,1860,190,155,8.75,642,118,107,5.14,1520,24,12,23,11,0.375,0.349,192
AISC-HSS-RECT-HSS24X12X_500,HSS-RECT,HSS24X12X.500,HSS24X12X1/2,AISC-SHAPES,16.0,116.91,US_CUSTOMARY,32.1,2420,248,202,8.68,829,154,138,5.08,1980,24,12,22.6,10.6,0.5,0.465,252
AISC-HSS-RECT-HSS24X12X_625,HSS-RECT,HSS24X12X.625,HSS24X12X5/8,AISC-SHAPES,16.0,144.39,US_CUSTOMARY,39.6,2940,304,245,8.62,1000,188,167,5.03,2430,24,12,22.3,10.3,0.625,0.581,310
AISC-HSS-RECT-HSS24X12X_750,HSS-RECT,HSS24X12X.750,HSS24X12X3/4,AISC-SHAPES,16.0,171.16,US_CUSTOMARY,47.1,3440,359,287,8.55,1170,221,195,4.98,2850,24,12,21.9,9.91,0.75,0.698,366
AISC-HSS-RECT-HSS24X12X_875,HSS-RECT,HSS24X12X.875,HSS24X12X7/8,AISC-SHAPES,16.0,197.24,US_CUSTOMARY,54.3,3910,410,326,8.49,1320,252,220,4.93,3250,24,12,21.6,9.56,0.875,0.814,420
AISC-HSS-RECT-HSS24X14X_250,HSS-RECT,HSS24X14X.250,HSS24X14X1/4,AISC-SHAPES,16.0,63.25,US_CUSTOMARY,17.4,1410,140,117,9.01,619,97.4,88.5,5.98,1340,24,14,23.3,13.3,0.25,0.233,152
AISC-HSS-RECT-HSS24X14X_313,HSS-RECT,HSS24X14X.313,HSS24X14X5/16,AISC-SHAPES,16.0,78.63,US_CUSTOMARY,21.6,1740,174,145,8.98,763,120,109,5.95,1660,24,14,23.1,13.1,0.3125,0.291,189
AISC-HSS-RECT-HSS24X14X_375,HSS-RECT,HSS24X14X.375,HSS24X14X3/8,AISC-SHAPES,16.0,93.83,US_CUSTOMARY,25.7,2060,207,171,8.94,902,143,129,5.92,1970,24,14,23,13,0.375,0.349,225
AISC-HSS-RECT-HSS24X14X_500,HSS-RECT,HSS24X14X.500,HSS24X14X1/2,AISC-SHAPES,16.0,123.71000000000001,US_CUSTOMARY,33.9,2680,270,223,8.88,1170,187,167,5.87,2580,24,14,22.6,12.6,0.5,0.465,296
AISC-HSS-RECT-HSS24X14X_625,HSS-RECT,HSS24X14X.625,HSS24X14X5/8,AISC-SHAPES,16.0,152.89000000000001,US_CUSTOMARY,41.9,3260,332,272,8.82,1420,229,203,5.82,3170,24,14,22.3,12.3,0.625,0.581,364
AISC-HSS-RECT-HSS24X14X_750,HSS-RECT,HSS24X14X.750,HSS24X14X3/4,AISC-SHAPES,16.0,181.37,US_CUSTOMARY,49.8,3820,391,318,8.76,1660,270,237,5.77,3730,24,14,21.9,11.9,0.75,0.698,431
AISC-HSS-RECT-HSS24X16X_313,HSS-RECT,HSS24X16X.313,HSS24X16X5/16,AISC-SHAPES,16.0,82.88,US_CUSTOMARY,22.7,1900,188,158,9.15,1030,143,128,6.72,2070,24,16,23.1,15.1,0.3125,0.291,217
AISC-HSS-RECT-HSS24X16X_375,HSS-RECT,HSS24X16X.375,HSS24X16X3/8,AISC-SHAPES,16.0,98.94,US_CUSTOMARY,27.1,2250,223,188,9.12,1210,169,152,6.69,2460,24,16,23,15,0.375,0.349,258
AISC-HSS-RECT-HSS24X16X_500,HSS-RECT,HSS24X16X.500,HSS24X16X1/2,AISC-SHAPES,16.0,130.52,US_CUSTOMARY,35.8,2930,292,244,9.05,1580,222,197,6.64,3220,24,16,22.6,14.6,0.5,0.465,340
AISC-HSS-RECT-HSS24X16X_625,HSS-RECT,HSS24X16X.625,HSS24X16X5/8,AISC-SHAPES,16.0,161.4,US_CUSTOMARY,44.3,3580,359,298,8.99,1920,272,240,6.59,3960,24,16,22.3,14.3,0.625,0.581,419
AISC-HSS-RECT-HSS24X16X_750,HSS-RECT,HSS24X16X.750,HSS24X16X3/4,AISC-SHAPES,16.0,191.58,US_CUSTOMARY,52.6,4200,424,350,8.93,2250,321,281,6.53,4680,24,16,21.9,13.9,0.75,0.698,496
AISC-HSS-RECT-HSS24X18X_313,HSS-RECT,HSS24X18X.313,HSS24X18X5/16,AISC-SHAPES,16.0,87.14,US_CUSTOMARY,23.9,2060,201,172,9.3,1330,166,148,7.47,2500,24,18,23.1,17.1,0.3125,0.291,244
AISC-HSS-RECT-HSS24X18X_375,HSS-RECT,HSS24X18X.375,HSS24X18X3/8,AISC-SHAPES,16.0,104.04,US_CUSTOMARY,28.5,2450,240,204,9.27,1580,197,176,7.45,2970,24,18,23,17,0.375,0.349,291
AISC-HSS-RECT-HSS24X18X_500,HSS-RECT,HSS24X18X.500,HSS24X18X1/2,AISC-SHAPES,16.0,137.32,US_CUSTOMARY,37.6,3190,314,266,9.21,2060,258,229,7.39,3910,24,18,22.6,16.6,0.5,0.465,383
AISC-HSS-RECT-HSS24X18X_625,HSS-RECT,HSS24X18X.625,HSS24X18X5/8,AISC-SHAPES,16.0,169.91,US_CUSTOMARY,46.6,3900,386,325,9.15,2510,318,279,7.34,4810,24,18,22.3,16.3,0.625,0.581,473
AISC-HSS-RECT-HSS24X18X_750,HSS-RECT,HSS24X18X.750,HSS24X18X3/4,AISC-SHAPES,16.0,201.79,US_CUSTOMARY,55.4,4580,456,382,9.09,2940,375,327,7.29,5690,24,18,21.9,15.9,0.75,0.698,562
AISC-HSS-RECT-HSS24X20X_313,HSS-RECT,HSS24X20X.313,HSS24X20X5/16,AISC-SHAPES,16.0,91.39,US_CUSTOMARY,25.1,2230,215,186,9.43,1690,190,169,8.21,2950,24,20,23.1,19.1,0.3125,0.291,272
AISC-HSS-RECT-HSS24X20X_375,HSS-RECT,HSS24X20X.375,HSS24X20X3/8,AISC-SHAPES,16.0,109.15,US_CUSTOMARY,29.9,2640,256,220,9.4,2000,226,200,8.19,3510,24,20,23,19,0.375,0.349,324
AISC-HSS-RECT-HSS24X20X_500,HSS-RECT,HSS24X20X.500,HSS24X20X1/2,AISC-SHAPES,16.0,144.13,US_CUSTOMARY,39.5,3450,336,287,9.34,2610,297,261,8.13,4620,24,20,22.6,18.6,0.5,0.465,427
AISC-HSS-RECT-HSS24X20X_625,HSS-RECT,HSS24X20X.625,HSS24X20X5/8,AISC-SHAPES,16.0,178.41,US_CUSTOMARY,48.9,4220,413,351,9.29,3190,365,319,8.08,5690,24,20,22.3,18.3,0.625,0.581,528
AISC-HSS-RECT-HSS24X20X_750,HSS-RECT,HSS24X20X.750,HSS24X20X3/4,AISC-SHAPES,16.0,212,US_CUSTOMARY,58.2,4960,489,413,9.23,3750,432,375,8.02,6740,24,20,21.9,17.9,0.75,0.698,627
AISC-HSS-RECT-HSS24X8X_250,HSS-RECT,HSS24X8X.250,HSS24X8X1/4,AISC-SHAPES,16.0,53.050000000000004,US_CUSTOMARY,14.6,1010,107,84.4,8.34,183,49.5,45.8,3.55,508,24,8,23.3,7.3,0.25,0.233,86
AISC-HSS-RECT-HSS24X8X_313,HSS-RECT,HSS24X8X.313,HSS24X8X5/16,AISC-SHAPES,16.0,65.87,US_CUSTOMARY,18.1,1250,132,104,8.3,224,61,56,3.52,625,24,8,23.1,7.13,0.3125,0.291,106
AISC-HSS-RECT-HSS24X8X_375,HSS-RECT,HSS24X8X.375,HSS24X8X3/8,AISC-SHAPES,16.0,78.52,US_CUSTOMARY,21.5,1470,157,123,8.27,263,72.2,65.8,3.5,739,24,8,23,6.95,0.375,0.349,126
AISC-HSS-RECT-HSS24X8X_500,HSS-RECT,HSS24X8X.500,HSS24X8X1/2,AISC-SHAPES,16.0,103.3,US_CUSTOMARY,28.3,1900,205,159,8.19,336,93.5,84,3.44,955,24,8,22.6,6.61,0.5,0.465,165
AISC-HSS-RECT-HSS2X1X_125,HSS-RECT,HSS2X1X.125,HSS2X1X1/8,AISC-SHAPES,16.0,2.2,US_CUSTOMARY,0.608,0.28,0.366,0.28,0.679,0.0922,0.223,0.184,0.39,0.238,2,1,1.65,0.652,0.125,0.116,0.38
AISC-HSS-RECT-HSS2X1X_188,HSS-RECT,HSS2X1X.188,HSS2X1X3/16,AISC-SHAPES,16.0,3.04,US_CUSTOMARY,0.845,0.35,0.48,0.35,0.643,0.112,0.288,0.225,0.365,0.301,2,1,1.48,0.478,0.1875,0.174,0.505
AISC-HSS-RECT-HSS2X1_1_2X_125,HSS-RECT,HSS2X1-1/2X.125,HSS2X1-1/2X1/8,AISC-SHAPES,16.0,2.63,US_CUSTOMARY,0.724,0.383,0.475,0.383,0.728,0.244,0.389,0.325,0.581,0.496,2,1.5,1.65,1.15,0.125,0.116,0.599
AISC-HSS-RECT-HSS2X1_1_2X_188,HSS-RECT,HSS2X1-1/2X.188,HSS2X1-1/2X3/16,AISC-SHAPES,16.0,3.68,US_CUSTOMARY,1.02,0.495,0.639,0.495,0.697,0.313,0.521,0.417,0.554,0.664,2,1.5,1.48,0.978,0.1875,0.174,0.822
AISC-HSS-RECT-HSS2X2X_125,HSS-RECT,HSS2X2X.125,HSS2X2X1/8,AISC-SHAPES,16.0,3.05,US_CUSTOMARY,0.84,0.486,0.584,0.486,0.761,0.486,0.584,0.486,0.761,0.796,2,2,1.65,1.65,0.125,0.116,0.817
AISC-HSS-RECT-HSS2X2X_188,HSS-RECT,HSS2X2X.188,HSS2X2X3/16,AISC-SHAPES,16.0,4.32,US_CUSTOMARY,1.19,0.641,0.797,0.641,0.733,0.641,0.797,0.641,0.733,1.09,2,2,1.48,1.48,0.1875,0.174,1.14
AISC-HSS-RECT-HSS2X2X_250,HSS-RECT,HSS2X2X.250,HSS2X2X1/4,AISC-SHAPES,16.0,5.41,US_CUSTOMARY,1.51,0.747,0.964,0.747,0.704,0.747,0.964,0.747,0.704,1.31,2,2,1.3,1.3,0.25,0.233,1.41
AISC-HSS-RECT-HSS2_1_2X1X_125,HSS-RECT,HSS2-1/2X1X.125,HSS2-1/2X1X1/8,AISC-SHAPES,16.0,2.63,US_CUSTOMARY,0.724,0.503,0.532,0.403,0.834,0.115,0.274,0.23,0.399,0.322,2.5,1,2.15,0.652,0.125,0.116,0.483
AISC-HSS-RECT-HSS2_1_2X1X_188,HSS-RECT,HSS2-1/2X1X.188,HSS2-1/2X1X3/16,AISC-SHAPES,16.0,3.68,US_CUSTOMARY,1.02,0.646,0.713,0.517,0.796,0.143,0.36,0.285,0.374,0.412,2.5,1,1.98,0.478,0.1875,0.174,0.648
AISC-HSS-RECT-HSS2_1_2X1_1_2X_125,HSS-RECT,HSS2-1/2X1-1/2X.125,HSS2-1/2X1-1/2X1/8,AISC-SHAPES,16.0,3.05,US_CUSTOMARY,0.84,0.668,0.671,0.535,0.892,0.3,0.469,0.399,0.597,0.687,2.5,1.5,2.15,1.15,0.125,0.116,0.759
AISC-HSS-RECT-HSS2_1_2X1_1_2X_188,HSS-RECT,HSS2-1/2X1-1/2X.188,HSS2-1/2X1-1/2X3/16,AISC-SHAPES,16.0,4.32,US_CUSTOMARY,1.19,0.882,0.915,0.705,0.86,0.39,0.636,0.52,0.572,0.929,2.5,1.5,1.98,0.978,0.1875,0.174,1.05
AISC-HSS-RECT-HSS2_1_2X1_1_2X_250,HSS-RECT,HSS2-1/2X1-1/2X.250,HSS2-1/2X1-1/2X1/4,AISC-SHAPES,16.0,5.41,US_CUSTOMARY,1.51,1.03,1.11,0.822,0.826,0.449,0.764,0.599,0.546,1.1,2.5,1.5,1.8,0.801,0.25,0.233,1.29
AISC-HSS-RECT-HSS2_1_2X2X_125,HSS-RECT,HSS2-1/2X2X.125,HSS2-1/2X2X1/8,AISC-SHAPES,16.0,3.48,US_CUSTOMARY,0.956,0.833,0.809,0.667,0.934,0.589,0.694,0.589,0.785,1.12,2.5,2,2.15,1.65,0.125,0.116,1.04
AISC-HSS-RECT-HSS2_1_2X2X_188,HSS-RECT,HSS2-1/2X2X.188,HSS2-1/2X2X3/16,AISC-SHAPES,16.0,4.96,US_CUSTOMARY,1.37,1.12,1.12,0.894,0.904,0.786,0.956,0.786,0.758,1.55,2.5,2,1.98,1.48,0.1875,0.174,1.46
AISC-HSS-RECT-HSS2_1_2X2X_250,HSS-RECT,HSS2-1/2X2X.250,HSS2-1/2X2X1/4,AISC-SHAPES,16.0,6.26,US_CUSTOMARY,1.74,1.33,1.37,1.06,0.874,0.93,1.17,0.93,0.731,1.9,2.5,2,1.8,1.3,0.25,0.233,1.82
AISC-HSS-RECT-HSS2_1_2X2_1_2X_125,HSS-RECT,HSS2-1/2X2-1/2X.125,HSS2-1/2X2-1/2X1/8,AISC-SHAPES,16.0,3.9,US_CUSTOMARY,1.07,0.998,0.947,0.799,0.965,0.998,0.947,0.799,0.965,1.61,2.5,2.5,2.15,2.15,0.125,0.116,1.31
AISC-HSS-RECT-HSS2_1_2X2_1_2X_188,HSS-RECT,HSS2-1/2X2-1/2X.188,HSS2-1/2X2-1/2X3/16,AISC-SHAPES,16.0,5.59,US_CUSTOMARY,1.54,1.35,1.32,1.08,0.937,1.35,1.32,1.08,0.937,2.25,2.5,2.5,1.98,1.98,0.1875,0.174,1.86
AISC-HSS-RECT-HSS2_1_2X2_1_2X_250,HSS-RECT,HSS2-1/2X2-1/2X.250,HSS2-1/2X2-1/2X1/4,AISC-SHAPES,16.0,7.11,US_CUSTOMARY,1.97,1.63,1.63,1.3,0.908,1.63,1.63,1.3,0.908,2.79,2.5,2.5,1.8,1.8,0.25,0.233,2.35
AISC-HSS-RECT-HSS2_1_2X2_1_2X_313,HSS-RECT,HSS2-1/2X2-1/2X.313,HSS2-1/2X2-1/2X5/16,AISC-SHAPES,16.0,8.45,US_CUSTOMARY,2.35,1.82,1.88,1.46,0.88,1.82,1.88,1.46,0.88,3.2,2.5,2.5,1.63,1.63,0.3125,0.291,2.74
AISC-HSS-RECT-HSS2_1_4X2_1_4X_125,HSS-RECT,HSS2-1/4X2-1/4X.125,HSS2-1/4X2-1/4X1/8,AISC-SHAPES,16.0,3.48,US_CUSTOMARY,0.956,0.712,0.755,0.633,0.863,0.712,0.755,0.633,0.863,1.15,2.25,2.25,1.9,1.9,0.125,0.116,1.05
AISC-HSS-RECT-HSS2_1_4X2_1_4X_188,HSS-RECT,HSS2-1/4X2-1/4X.188,HSS2-1/4X2-1/4X3/16,AISC-SHAPES,16.0,4.96,US_CUSTOMARY,1.37,0.953,1.04,0.847,0.835,0.953,1.04,0.847,0.835,1.6,2.25,2.25,1.73,1.73,0.1875,0.174,1.48
AISC-HSS-RECT-HSS2_1_4X2_1_4X_250,HSS-RECT,HSS2-1/4X2-1/4X.250,HSS2-1/4X2-1/4X1/4,AISC-SHAPES,16.0,6.26,US_CUSTOMARY,1.74,1.13,1.28,1.01,0.806,1.13,1.28,1.01,0.806,1.96,2.25,2.25,1.55,1.55,0.25,0.233,1.85
AISC-HSS-RECT-HSS30X10X1,HSS-RECT,HSS30X10X1,HSS30X10X1,AISC-SHAPES,16.0,249.85,US_CUSTOMARY,68.7,6900,606,460,10,1180,273,237,4.15,3460,30,10,27.2,7.21,1,0.93,487
AISC-HSS-RECT-HSS30X10X_500,HSS-RECT,HSS30X10X.500,HSS30X10X1/2,AISC-SHAPES,16.0,130.52,US_CUSTOMARY,35.8,3810,326,254,10.3,679,149,136,4.36,1910,30,10,28.6,8.61,0.5,0.465,262
AISC-HSS-RECT-HSS30X10X_625,HSS-RECT,HSS30X10X.625,HSS30X10X5/8,AISC-SHAPES,16.0,161.4,US_CUSTOMARY,44.3,4640,400,310,10.2,820,183,164,4.31,2330,30,10,28.3,8.26,0.625,0.581,321
AISC-HSS-RECT-HSS30X10X_750,HSS-RECT,HSS30X10X.750,HSS30X10X3/4,AISC-SHAPES,16.0,191.58,US_CUSTOMARY,52.6,5440,471,363,10.2,952,215,190,4.25,2730,30,10,27.9,7.91,0.75,0.698,379
AISC-HSS-RECT-HSS30X10X_875,HSS-RECT,HSS30X10X.875,HSS30X10X7/8,AISC-SHAPES,16.0,221.06,US_CUSTOMARY,60.8,6190,540,413,10.1,1070,245,215,4.2,3110,30,10,27.6,7.56,0.875,0.814,434
AISC-HSS-RECT-HSS34X10X1,HSS-RECT,HSS34X10X1,HSS34X10X1,AISC-SHAPES,16.0,277.07,US_CUSTOMARY,76.2,9600,750,565,11.2,1340,307,268,4.19,4040,34,10,31.2,7.21,1,0.93,555
AISC-HSS-RECT-HSS34X10X_625,HSS-RECT,HSS34X10X.625,HSS34X10X5/8,AISC-SHAPES,16.0,178.41,US_CUSTOMARY,48.9,6430,493,378,11.5,924,205,185,4.35,2720,34,10,32.3,8.26,0.625,0.581,365
AISC-HSS-RECT-HSS34X10X_750,HSS-RECT,HSS34X10X.750,HSS34X10X3/4,AISC-SHAPES,16.0,212,US_CUSTOMARY,58.2,7550,582,444,11.4,1070,240,215,4.29,3190,34,10,31.9,7.91,0.75,0.698,431
AISC-HSS-RECT-HSS34X10X_875,HSS-RECT,HSS34X10X.875,HSS34X10X7/8,AISC-SHAPES,16.0,244.88,US_CUSTOMARY,67.3,8600,668,506,11.3,1210,274,242,4.24,3630,34,10,31.6,7.56,0.875,0.814,494
AISC-HSS-RECT-HSS3X1X_125,HSS-RECT,HSS3X1X.125,HSS3X1X1/8,AISC-SHAPES,16.0,3.05,US_CUSTOMARY,0.84,0.817,0.728,0.545,0.987,0.138,0.325,0.276,0.405,0.408,3,1,2.65,0.652,0.125,0.116,0.585
AISC-HSS-RECT-HSS3X1X_188,HSS-RECT,HSS3X1X.188,HSS3X1X3/16,AISC-SHAPES,16.0,4.32,US_CUSTOMARY,1.19,1.07,0.989,0.713,0.947,0.173,0.432,0.345,0.38,0.526,3,1,2.48,0.478,0.1875,0.174,0.792
AISC-HSS-RECT-HSS3X1_1_2X_125,HSS-RECT,HSS3X1-1/2X.125,HSS3X1-1/2X1/8,AISC-SHAPES,16.0,3.48,US_CUSTOMARY,0.956,1.06,0.895,0.706,1.05,0.355,0.55,0.474,0.61,0.886,3,1.5,2.65,1.15,0.125,0.116,0.92
AISC-HSS-RECT-HSS3X1_1_2X_188,HSS-RECT,HSS3X1-1/2X.188,HSS3X1-1/2X3/16,AISC-SHAPES,16.0,4.96,US_CUSTOMARY,1.37,1.42,1.24,0.945,1.02,0.467,0.752,0.622,0.584,1.21,3,1.5,2.48,0.978,0.1875,0.174,1.28
AISC-HSS-RECT-HSS3X1_1_2X_250,HSS-RECT,HSS3X1-1/2X.250,HSS3X1-1/2X1/4,AISC-SHAPES,16.0,6.26,US_CUSTOMARY,1.74,1.68,1.51,1.12,0.982,0.543,0.911,0.725,0.559,1.44,3,1.5,2.3,0.801,0.25,0.233,1.58
AISC-HSS-RECT-HSS3X2X_125,HSS-RECT,HSS3X2X.125,HSS3X2X1/8,AISC-SHAPES,16.0,3.9,US_CUSTOMARY,1.07,1.3,1.06,0.867,1.1,0.692,0.803,0.692,0.804,1.47,3,2,2.65,1.65,0.125,0.116,1.25
AISC-HSS-RECT-HSS3X2X_188,HSS-RECT,HSS3X2X.188,HSS3X2X3/16,AISC-SHAPES,16.0,5.59,US_CUSTOMARY,1.54,1.77,1.48,1.18,1.07,0.932,1.12,0.932,0.778,2.05,3,2,2.48,1.48,0.1875,0.174,1.78
AISC-HSS-RECT-HSS3X2X_250,HSS-RECT,HSS3X2X.250,HSS3X2X1/4,AISC-SHAPES,16.0,7.11,US_CUSTOMARY,1.97,2.13,1.83,1.42,1.04,1.11,1.38,1.11,0.751,2.52,3,2,2.3,1.3,0.25,0.233,2.23
AISC-HSS-RECT-HSS3X2X_313,HSS-RECT,HSS3X2X.313,HSS3X2X5/16,AISC-SHAPES,16.0,8.45,US_CUSTOMARY,2.35,2.38,2.11,1.59,1.01,1.24,1.58,1.24,0.725,2.87,3,2,2.13,1.13,0.3125,0.291,2.6
AISC-HSS-RECT-HSS3X2_1_2X_125,HSS-RECT,HSS3X2-1/2X.125,HSS3X2-1/2X1/8,AISC-SHAPES,16.0,4.33,US_CUSTOMARY,1.19,1.54,1.23,1.03,1.14,1.16,1.09,0.931,0.99,2.13,3,2.5,2.65,2.15,0.125,0.116,1.59
AISC-HSS-RECT-HSS3X2_1_2X_188,HSS-RECT,HSS3X2-1/2X.188,HSS3X2-1/2X3/16,AISC-SHAPES,16.0,6.23,US_CUSTOMARY,1.71,2.11,1.73,1.41,1.11,1.59,1.52,1.27,0.963,3,3,2.5,2.48,1.98,0.1875,0.174,2.27
AISC-HSS-RECT-HSS3X2_1_2X_250,HSS-RECT,HSS3X2-1/2X.250,HSS3X2-1/2X1/4,AISC-SHAPES,16.0,7.96,US_CUSTOMARY,2.21,2.57,2.16,1.72,1.08,1.93,1.9,1.54,0.935,3.74,3,2.5,2.3,1.8,0.25,0.233,2.87
AISC-HSS-RECT-HSS3X2_1_2X_313,HSS-RECT,HSS3X2-1/2X.313,HSS3X2-1/2X5/16,AISC-SHAPES,16.0,9.51,US_CUSTOMARY,2.64,2.92,2.51,1.94,1.05,2.18,2.2,1.74,0.908,4.34,3,2.5,2.13,1.63,0.3125,0.291,3.39
AISC-HSS-RECT-HSS3X3X_125,HSS-RECT,HSS3X3X.125,HSS3X3X1/8,AISC-SHAPES,16.0,4.75,US_CUSTOMARY,1.3,1.78,1.4,1.19,1.17,1.78,1.4,1.19,1.17,2.84,3,3,2.65,2.65,0.125,0.116,1.92
AISC-HSS-RECT-HSS3X3X_188,HSS-RECT,HSS3X3X.188,HSS3X3X3/16,AISC-SHAPES,16.0,6.87,US_CUSTOMARY,1.89,2.46,1.97,1.64,1.14,2.46,1.97,1.64,1.14,4.03,3,3,2.48,2.48,0.1875,0.174,2.76
AISC-HSS-RECT-HSS3X3X_250,HSS-RECT,HSS3X3X.250,HSS3X3X1/4,AISC-SHAPES,16.0,8.81,US_CUSTOMARY,2.44,3.02,2.48,2.01,1.11,3.02,2.48,2.01,1.11,5.08,3,3,2.3,2.3,0.25,0.233,3.52
AISC-HSS-RECT-HSS3X3X_313,HSS-RECT,HSS3X3X.313,HSS3X3X5/16,AISC-SHAPES,16.0,10.58,US_CUSTOMARY,2.94,3.45,2.9,2.3,1.08,3.45,2.9,2.3,1.08,5.94,3,3,2.13,2.13,0.3125,0.291,4.18
AISC-HSS-RECT-HSS3X3X_375,HSS-RECT,HSS3X3X.375,HSS3X3X3/8,AISC-SHAPES,16.0,12.17,US_CUSTOMARY,3.39,3.78,3.25,2.52,1.06,3.78,3.25,2.52,1.06,6.64,3,3,1.95,1.95,0.375,0.349,4.74
AISC-HSS-RECT-HSS3_1_2X1_1_2X_125,HSS-RECT,HSS3-1/2X1-1/2X.125,HSS3-1/2X1-1/2X1/8,AISC-SHAPES,16.0,3.9,US_CUSTOMARY,1.07,1.57,1.15,0.896,1.21,0.411,0.63,0.548,0.619,1.09,3.5,1.5,3.15,1.15,0.125,0.116,1.08
AISC-HSS-RECT-HSS3_1_2X1_1_2X_188,HSS-RECT,HSS3-1/2X1-1/2X.188,HSS3-1/2X1-1/2X3/16,AISC-SHAPES,16.0,5.59,US_CUSTOMARY,1.54,2.12,1.6,1.21,1.17,0.544,0.867,0.725,0.594,1.49,3.5,1.5,2.98,0.978,0.1875,0.174,1.51
AISC-HSS-RECT-HSS3_1_2X1_1_2X_250,HSS-RECT,HSS3-1/2X1-1/2X.250,HSS3-1/2X1-1/2X1/4,AISC-SHAPES,16.0,7.11,US_CUSTOMARY,1.97,2.55,1.98,1.46,1.14,0.638,1.06,0.851,0.569,1.79,3.5,1.5,2.8,0.801,0.25,0.233,1.88
AISC-HSS-RECT-HSS3_1_2X2X_125,HSS-RECT,HSS3-1/2X2X.125,HSS3-1/2X2X1/8,AISC-SHAPES,16.0,4.33,US_CUSTOMARY,1.19,1.9,1.34,1.09,1.27,0.795,0.912,0.795,0.818,1.83,3.5,2,3.15,1.65,0.125,0.116,1.47
AISC-HSS-RECT-HSS3_1_2X2X_188,HSS-RECT,HSS3-1/2X2X.188,HSS3-1/2X2X3/16,AISC-SHAPES,16.0,6.23,US_CUSTOMARY,1.71,2.61,1.89,1.49,1.23,1.08,1.27,1.08,0.792,2.55,3.5,2,2.98,1.48,0.1875,0.174,2.09
AISC-HSS-RECT-HSS3_1_2X2X_250,HSS-RECT,HSS3-1/2X2X.250,HSS3-1/2X2X1/4,AISC-SHAPES,16.0,7.96,US_CUSTOMARY,2.21,3.17,2.36,1.81,1.2,1.3,1.58,1.3,0.766,3.16,3.5,2,2.8,1.3,0.25,0.233,2.64
AISC-HSS-RECT-HSS3_1_2X2_1_2X_125,HSS-RECT,HSS3-1/2X2-1/2X.125,HSS3-1/2X2-1/2X1/8,AISC-SHAPES,16.0,4.75,US_CUSTOMARY,1.3,2.23,1.54,1.28,1.31,1.33,1.22,1.06,1.01,2.67,3.5,2.5,3.15,2.15,0.125,0.116,1.87
AISC-HSS-RECT-HSS3_1_2X2_1_2X_188,HSS-RECT,HSS3-1/2X2-1/2X.188,HSS3-1/2X2-1/2X3/16,AISC-SHAPES,16.0,6.87,US_CUSTOMARY,1.89,3.09,2.18,1.76,1.28,1.82,1.72,1.46,0.983,3.78,3.5,2.5,2.98,1.98,0.1875,0.174,2.67
AISC-HSS-RECT-HSS3_1_2X2_1_2X_250,HSS-RECT,HSS3-1/2X2-1/2X.250,HSS3-1/2X2-1/2X1/4,AISC-SHAPES,16.0,8.81,US_CUSTOMARY,2.44,3.79,2.74,2.17,1.25,2.23,2.16,1.78,0.956,4.75,3.5,2.5,2.8,1.8,0.25,0.233,3.4
AISC-HSS-RECT-HSS3_1_2X2_1_2X_313,HSS-RECT,HSS3-1/2X2-1/2X.313,HSS3-1/2X2-1/2X5/16,AISC-SHAPES,16.0,10.58,US_CUSTOMARY,2.94,4.34,3.2,2.48,1.22,2.54,2.52,2.03,0.93,5.53,3.5,2.5,2.63,1.63,0.3125,0.291,4.03
AISC-HSS-RECT-HSS3_1_2X2_1_2X_375,HSS-RECT,HSS3-1/2X2-1/2X.375,HSS3-1/2X2-1/2X3/8,AISC-SHAPES,16.0,12.17,US_CUSTOMARY,3.39,4.75,3.59,2.72,1.18,2.77,2.82,2.21,0.904,6.16,3.5,2.5,2.45,1.45,0.375,0.349,4.57
AISC-HSS-RECT-HSS3_1_2X3_1_2X_125,HSS-RECT,HSS3-1/2X3-1/2X.125,HSS3-1/2X3-1/2X1/8,AISC-SHAPES,16.0,5.61,US_CUSTOMARY,1.54,2.9,1.93,1.66,1.37,2.9,1.93,1.66,1.37,4.58,3.5,3.5,3.15,3.15,0.125,0.116,2.65
AISC-HSS-RECT-HSS3_1_2X3_1_2X_188,HSS-RECT,HSS3-1/2X3-1/2X.188,HSS3-1/2X3-1/2X3/16,AISC-SHAPES,16.0,8.15,US_CUSTOMARY,2.24,4.05,2.76,2.31,1.35,4.05,2.76,2.31,1.35,6.56,3.5,3.5,2.98,2.98,0.1875,0.174,3.83
AISC-HSS-RECT-HSS3_1_2X3_1_2X_250,HSS-RECT,HSS3-1/2X3-1/2X.250,HSS3-1/2X3-1/2X1/4,AISC-SHAPES,16.0,10.51,US_CUSTOMARY,2.91,5.04,3.5,2.88,1.32,5.04,3.5,2.88,1.32,8.35,3.5,3.5,2.8,2.8,0.25,0.233,4.92
AISC-HSS-RECT-HSS3_1_2X3_1_2X_313,HSS-RECT,HSS3-1/2X3-1/2X.313,HSS3-1/2X3-1/2X5/16,AISC-SHAPES,16.0,12.7,US_CUSTOMARY,3.52,5.84,4.14,3.34,1.29,5.84,4.14,3.34,1.29,9.89,3.5,3.5,2.63,2.63,0.3125,0.291,5.9
AISC-HSS-RECT-HSS3_1_2X3_1_2X_375,HSS-RECT,HSS3-1/2X3-1/2X.375,HSS3-1/2X3-1/2X3/8,AISC-SHAPES,16.0,14.72,US_CUSTOMARY,4.09,6.49,4.69,3.71,1.26,6.49,4.69,3.71,1.26,11.2,3.5,3.5,2.45,2.45,0.375,0.349,6.77
AISC-HSS-RECT-HSS4X1_1_2X_125,HSS-RECT,HSS4X1-1/2X.125,HSS4X1-1/2X1/8,AISC-SHAPES,16.0,4.33,US_CUSTOMARY,1.19,2.21,1.43,1.11,1.36,0.467,0.71,0.622,0.627,1.3,4,1.5,3.65,1.15,0.125,0.116,1.24
AISC-HSS-RECT-HSS4X1_1_2X_188,HSS-RECT,HSS4X1-1/2X.188,HSS4X1-1/2X3/16,AISC-SHAPES,16.0,6.23,US_CUSTOMARY,1.71,3.02,2.01,1.51,1.33,0.621,0.982,0.827,0.602,1.78,4,1.5,3.48,0.978,0.1875,0.174,1.75
AISC-HSS-RECT-HSS4X1_1_2X_250,HSS-RECT,HSS4X1-1/2X.250,HSS4X1-1/2X1/4,AISC-SHAPES,16.0,7.96,US_CUSTOMARY,2.21,3.66,2.5,1.83,1.29,0.733,1.21,0.977,0.576,2.14,4,1.5,3.3,0.801,0.25,0.233,2.18
AISC-HSS-RECT-HSS4X2X_125,HSS-RECT,HSS4X2X.125,HSS4X2X1/8,AISC-SHAPES,16.0,4.75,US_CUSTOMARY,1.3,2.65,1.66,1.32,1.43,0.898,1.02,0.898,0.83,2.2,4,2,3.65,1.65,0.125,0.116,1.69
AISC-HSS-RECT-HSS4X2X_188,HSS-RECT,HSS4X2X.188,HSS4X2X3/16,AISC-SHAPES,16.0,6.87,US_CUSTOMARY,1.89,3.66,2.34,1.83,1.39,1.22,1.43,1.22,0.804,3.08,4,2,3.48,1.48,0.1875,0.174,2.41
AISC-HSS-RECT-HSS4X2X_250,HSS-RECT,HSS4X2X.250,HSS4X2X1/4,AISC-SHAPES,16.0,8.81,US_CUSTOMARY,2.44,4.49,2.94,2.25,1.36,1.48,1.79,1.48,0.779,3.82,4,2,3.3,1.3,0.25,0.233,3.05
AISC-HSS-RECT-HSS4X2X_313,HSS-RECT,HSS4X2X.313,HSS4X2X5/16,AISC-SHAPES,16.0,10.58,US_CUSTOMARY,2.94,5.13,3.43,2.56,1.32,1.67,2.08,1.67,0.754,4.4,4,2,3.13,1.13,0.3125,0.291,3.59
AISC-HSS-RECT-HSS4X2X_375,HSS-RECT,HSS4X2X.375,HSS4X2X3/8,AISC-SHAPES,16.0,12.17,US_CUSTOMARY,3.39,5.6,3.84,2.8,1.29,1.8,2.31,1.8,0.729,4.83,4,2,2.95,0.953,0.375,0.349,4.04
AISC-HSS-RECT-HSS4X2_1_2X_125,HSS-RECT,HSS4X2-1/2X.125,HSS4X2-1/2X1/8,AISC-SHAPES,16.0,5.18,US_CUSTOMARY,1.42,3.09,1.88,1.54,1.47,1.49,1.36,1.19,1.03,3.23,4,2.5,3.65,2.15,0.125,0.116,2.14
AISC-HSS-RECT-HSS4X2_1_2X_188,HSS-RECT,HSS4X2-1/2X.188,HSS4X2-1/2X3/16,AISC-SHAPES,16.0,7.51,US_CUSTOMARY,2.06,4.3,2.67,2.15,1.44,2.06,1.93,1.65,0.999,4.59,4,2.5,3.48,1.98,0.1875,0.174,3.08
AISC-HSS-RECT-HSS4X2_1_2X_250,HSS-RECT,HSS4X2-1/2X.250,HSS4X2-1/2X1/4,AISC-SHAPES,16.0,9.66,US_CUSTOMARY,2.67,5.32,3.38,2.66,1.41,2.53,2.43,2.02,0.973,5.78,4,2.5,3.3,1.8,0.25,0.233,3.93
AISC-HSS-RECT-HSS4X3X_125,HSS-RECT,HSS4X3X.125,HSS4X3X1/8,AISC-SHAPES,16.0,5.61,US_CUSTOMARY,1.54,3.52,2.11,1.76,1.52,2.27,1.73,1.51,1.21,4.38,4,3,3.65,2.65,0.125,0.116,2.59
AISC-HSS-RECT-HSS4X3X_188,HSS-RECT,HSS4X3X.188,HSS4X3X3/16,AISC-SHAPES,16.0,8.15,US_CUSTOMARY,2.24,4.93,3,2.47,1.49,3.16,2.46,2.1,1.19,6.26,4,3,3.48,2.48,0.1875,0.174,3.74
AISC-HSS-RECT-HSS4X3X_250,HSS-RECT,HSS4X3X.250,HSS4X3X1/4,AISC-SHAPES,16.0,10.51,US_CUSTOMARY,2.91,6.15,3.81,3.07,1.45,3.91,3.12,2.61,1.16,7.96,4,3,3.3,2.3,0.25,0.233,4.81
AISC-HSS-RECT-HSS4X3X_313,HSS-RECT,HSS4X3X.313,HSS4X3X5/16,AISC-SHAPES,16.0,12.7,US_CUSTOMARY,3.52,7.14,4.51,3.57,1.42,4.52,3.69,3.02,1.13,9.41,4,3,3.13,2.13,0.3125,0.291,5.75
AISC-HSS-RECT-HSS4X3X_375,HSS-RECT,HSS4X3X.375,HSS4X3X3/8,AISC-SHAPES,16.0,14.72,US_CUSTOMARY,4.09,7.93,5.12,3.97,1.39,5.01,4.18,3.34,1.11,10.6,4,3,2.95,1.95,0.375,0.349,6.59
AISC-HSS-RECT-HSS4X4X_125,HSS-RECT,HSS4X4X.125,HSS4X4X1/8,AISC-SHAPES,16.0,6.46,US_CUSTOMARY,1.77,4.4,2.56,2.2,1.58,4.4,2.56,2.2,1.58,6.91,4,4,3.65,3.65,0.125,0.116,3.49
AISC-HSS-RECT-HSS4X4X_188,HSS-RECT,HSS4X4X.188,HSS4X4X3/16,AISC-SHAPES,16.0,9.42,US_CUSTOMARY,2.58,6.21,3.67,3.1,1.55,6.21,3.67,3.1,1.55,10,4,4,3.48,3.48,0.1875,0.174,5.07
AISC-HSS-RECT-HSS4X4X_250,HSS-RECT,HSS4X4X.250,HSS4X4X1/4,AISC-SHAPES,16.0,12.21,US_CUSTOMARY,3.37,7.8,4.69,3.9,1.52,7.8,4.69,3.9,1.52,12.8,4,4,3.3,3.3,0.25,0.233,6.56
AISC-HSS-RECT-HSS4X4X_313,HSS-RECT,HSS4X4X.313,HSS4X4X5/16,AISC-SHAPES,16.0,14.83,US_CUSTOMARY,4.1,9.14,5.59,4.57,1.49,9.14,5.59,4.57,1.49,15.3,4,4,3.13,3.13,0.3125,0.291,7.91
AISC-HSS-RECT-HSS4X4X_375,HSS-RECT,HSS4X4X.375,HSS4X4X3/8,AISC-SHAPES,16.0,17.27,US_CUSTOMARY,4.78,10.3,6.39,5.13,1.47,10.3,6.39,5.13,1.47,17.5,4,4,2.95,2.95,0.375,0.349,9.14
AISC-HSS-RECT-HSS4X4X_500,HSS-RECT,HSS4X4X.500,HSS4X4X1/2,AISC-SHAPES,16.0,21.63,US_CUSTOMARY,6.02,11.9,7.7,5.97,1.41,11.9,7.7,5.97,1.41,21,4,4,2.6,2.6,0.5,0.465,11.2
AISC-HSS-RECT-HSS4_1_2X4_1_2X_125,HSS-RECT,HSS4-1/2X4-1/2X.125,HSS4-1/2X4-1/2X1/8,AISC-SHAPES,16.0,7.31,US_CUSTOMARY,2,6.35,3.27,2.82,1.78,6.35,3.27,2.82,1.78,9.92,4.5,4.5,4.15,4.15,0.125,0.116,4.45
AISC-HSS-RECT-HSS4_1_2X4_1_2X_188,HSS-RECT,HSS4-1/2X4-1/2X.188,HSS4-1/2X4-1/2X3/16,AISC-SHAPES,16.0,10.7,US_CUSTOMARY,2.93,9.02,4.71,4.01,1.75,9.02,4.71,4.01,1.75,14.4,4.5,4.5,3.98,3.98,0.1875,0.174,6.49
AISC-HSS-RECT-HSS4_1_2X4_1_2X_250,HSS-RECT,HSS4-1/2X4-1/2X.250,HSS4-1/2X4-1/2X1/4,AISC-SHAPES,16.0,13.91,US_CUSTOMARY,3.84,11.4,6.06,5.08,1.73,11.4,6.06,5.08,1.73,18.5,4.5,4.5,3.8,3.8,0.25,0.233,8.44
AISC-HSS-RECT-HSS4_1_2X4_1_2X_313,HSS-RECT,HSS4-1/2X4-1/2X.313,HSS4-1/2X4-1/2X5/16,AISC-SHAPES,16.0,16.96,US_CUSTOMARY,4.68,13.5,7.27,6,1.7,13.5,7.27,6,1.7,22.3,4.5,4.5,3.63,3.63,0.3125,0.291,10.2
AISC-HSS-RECT-HSS4_1_2X4_1_2X_375,HSS-RECT,HSS4-1/2X4-1/2X.375,HSS4-1/2X4-1/2X3/8,AISC-SHAPES,16.0,19.82,US_CUSTOMARY,5.48,15.3,8.36,6.79,1.67,15.3,8.36,6.79,1.67,25.7,4.5,4.5,3.45,3.45,0.375,0.349,11.9
AISC-HSS-RECT-HSS4_1_2X4_1_2X_500,HSS-RECT,HSS4-1/2X4-1/2X.500,HSS4-1/2X4-1/2X1/2,AISC-SHAPES,16.0,25.03,US_CUSTOMARY,6.95,18.1,10.2,8.03,1.61,18.1,10.2,8.03,1.61,31.3,4.5,4.5,3.1,3.1,0.5,0.465,14.8
AISC-HSS-RECT-HSS5X2X_125,HSS-RECT,HSS5X2X.125,HSS5X2X1/8,AISC-SHAPES,16.0,5.61,US_CUSTOMARY,1.54,4.65,2.37,1.86,1.74,1.1,1.24,1.1,0.848,2.95,5,2,4.65,1.65,0.125,0.116,2.13
AISC-HSS-RECT-HSS5X2X_188,HSS-RECT,HSS5X2X.188,HSS5X2X3/16,AISC-SHAPES,16.0,8.15,US_CUSTOMARY,2.24,6.5,3.37,2.6,1.7,1.51,1.75,1.51,0.823,4.15,5,2,4.48,1.48,0.1875,0.174,3.05
AISC-HSS-RECT-HSS5X2X_250,HSS-RECT,HSS5X2X.250,HSS5X2X1/4,AISC-SHAPES,16.0,10.51,US_CUSTOMARY,2.91,8.08,4.27,3.23,1.67,1.84,2.2,1.84,0.797,5.17,5,2,4.3,1.3,0.25,0.233,3.88
AISC-HSS-RECT-HSS5X2X_313,HSS-RECT,HSS5X2X.313,HSS5X2X5/16,AISC-SHAPES,16.0,12.7,US_CUSTOMARY,3.52,9.35,5.05,3.74,1.63,2.1,2.57,2.1,0.772,5.99,5,2,4.13,1.13,0.3125,0.291,4.59
AISC-HSS-RECT-HSS5X2X_375,HSS-RECT,HSS5X2X.375,HSS5X2X3/8,AISC-SHAPES,16.0,14.72,US_CUSTOMARY,4.09,10.4,5.71,4.14,1.59,2.28,2.88,2.28,0.748,6.61,5,2,3.95,0.953,0.375,0.349,5.2
AISC-HSS-RECT-HSS5X2_1_2X_125,HSS-RECT,HSS5X2-1/2X.125,HSS5X2-1/2X1/8,AISC-SHAPES,16.0,6.03,US_CUSTOMARY,1.65,5.34,2.65,2.14,1.8,1.82,1.64,1.46,1.05,4.4,5,2.5,4.65,2.15,0.125,0.116,2.7
AISC-HSS-RECT-HSS5X2_1_2X_188,HSS-RECT,HSS5X2-1/2X.188,HSS5X2-1/2X3/16,AISC-SHAPES,16.0,8.78,US_CUSTOMARY,2.41,7.51,3.79,3.01,1.77,2.53,2.33,2.03,1.02,6.26,5,2.5,4.48,1.98,0.1875,0.174,3.89
AISC-HSS-RECT-HSS5X2_1_2X_250,HSS-RECT,HSS5X2-1/2X.250,HSS5X2-1/2X1/4,AISC-SHAPES,16.0,11.36,US_CUSTOMARY,3.14,9.4,4.83,3.76,1.73,3.13,2.95,2.5,0.999,7.93,5,2.5,4.3,1.8,0.25,0.233,4.99
AISC-HSS-RECT-HSS5X3X_125,HSS-RECT,HSS5X3X.125,HSS5X3X1/8,AISC-SHAPES,16.0,6.46,US_CUSTOMARY,1.77,6.03,2.93,2.41,1.85,2.75,2.07,1.83,1.25,6.02,5,3,4.65,2.65,0.125,0.116,3.26
AISC-HSS-RECT-HSS5X3X_188,HSS-RECT,HSS5X3X.188,HSS5X3X3/16,AISC-SHAPES,16.0,9.42,US_CUSTOMARY,2.58,8.53,4.21,3.41,1.82,3.85,2.96,2.57,1.22,8.64,5,3,4.48,2.48,0.1875,0.174,4.73
AISC-HSS-RECT-HSS5X3X_250,HSS-RECT,HSS5X3X.250,HSS5X3X1/4,AISC-SHAPES,16.0,12.21,US_CUSTOMARY,3.37,10.7,5.38,4.29,1.78,4.81,3.77,3.21,1.19,11,5,3,4.3,2.3,0.25,0.233,6.1
AISC-HSS-RECT-HSS5X3X_313,HSS-RECT,HSS5X3X.313,HSS5X3X5/16,AISC-SHAPES,16.0,14.83,US_CUSTOMARY,4.1,12.6,6.42,5.03,1.75,5.6,4.48,3.73,1.17,13.1,5,3,4.13,2.13,0.3125,0.291,7.33
AISC-HSS-RECT-HSS5X3X_375,HSS-RECT,HSS5X3X.375,HSS5X3X3/8,AISC-SHAPES,16.0,17.27,US_CUSTOMARY,4.78,14.1,7.34,5.65,1.72,6.25,5.1,4.16,1.14,14.9,5,3,3.95,1.95,0.375,0.349,8.44
AISC-HSS-RECT-HSS5X3X_500,HSS-RECT,HSS5X3X.500,HSS5X3X1/2,AISC-SHAPES,16.0,21.63,US_CUSTOMARY,6.02,16.4,8.83,6.57,1.65,7.18,6.1,4.78,1.09,17.6,5,3,3.6,1.6,0.5,0.465,10.3
AISC-HSS-RECT-HSS5X4X_125,HSS-RECT,HSS5X4X.125,HSS5X4X1/8,AISC-SHAPES,16.0,7.31,US_CUSTOMARY,2,7.42,3.5,2.97,1.93,5.27,3.01,2.64,1.62,9.66,5,4,4.65,3.65,0.125,0.116,4.39
AISC-HSS-RECT-HSS5X4X_188,HSS-RECT,HSS5X4X.188,HSS5X4X3/16,AISC-SHAPES,16.0,10.7,US_CUSTOMARY,2.93,10.6,5.05,4.22,1.9,7.48,4.34,3.74,1.6,14,5,4,4.48,3.48,0.1875,0.174,6.41
AISC-HSS-RECT-HSS5X4X_250,HSS-RECT,HSS5X4X.250,HSS5X4X1/4,AISC-SHAPES,16.0,13.91,US_CUSTOMARY,3.84,13.4,6.49,5.35,1.87,9.46,5.57,4.73,1.57,18,5,4,4.3,3.3,0.25,0.233,8.32
AISC-HSS-RECT-HSS5X4X_313,HSS-RECT,HSS5X4X.313,HSS5X4X5/16,AISC-SHAPES,16.0,16.96,US_CUSTOMARY,4.68,15.8,7.79,6.32,1.84,11.1,6.67,5.57,1.54,21.7,5,4,4.13,3.13,0.3125,0.291,10.1
AISC-HSS-RECT-HSS5X4X_375,HSS-RECT,HSS5X4X.375,HSS5X4X3/8,AISC-SHAPES,16.0,19.82,US_CUSTOMARY,5.48,17.9,8.96,7.17,1.81,12.6,7.67,6.3,1.52,24.9,5,4,3.95,2.95,0.375,0.349,11.7
AISC-HSS-RECT-HSS5X4X_500,HSS-RECT,HSS5X4X.500,HSS5X4X1/2,AISC-SHAPES,16.0,25.03,US_CUSTOMARY,6.95,21.2,10.9,8.49,1.75,14.9,9.35,7.43,1.46,30.3,5,4,3.6,2.6,0.5,0.465,14.5
AISC-HSS-RECT-HSS5X5X_125,HSS-RECT,HSS5X5X.125,HSS5X5X1/8,AISC-SHAPES,16.0,8.16,US_CUSTOMARY,2.23,8.8,4.07,3.52,1.99,8.8,4.07,3.52,1.99,13.7,5,5,4.65,4.65,0.125,0.116,5.53
AISC-HSS-RECT-HSS5X5X_188,HSS-RECT,HSS5X5X.188,HSS5X5X3/16,AISC-SHAPES,16.0,11.97,US_CUSTOMARY,3.28,12.6,5.89,5.03,1.96,12.6,5.89,5.03,1.96,19.9,5,5,4.48,4.48,0.1875,0.174,8.08
AISC-HSS-RECT-HSS5X5X_250,HSS-RECT,HSS5X5X.250,HSS5X5X1/4,AISC-SHAPES,16.0,15.62,US_CUSTOMARY,4.3,16,7.61,6.41,1.93,16,7.61,6.41,1.93,25.8,5,5,4.3,4.3,0.25,0.233,10.5
AISC-HSS-RECT-HSS5X5X_313,HSS-RECT,HSS5X5X.313,HSS5X5X5/16,AISC-SHAPES,16.0,19.08,US_CUSTOMARY,5.26,19,9.16,7.62,1.9,19,9.16,7.62,1.9,31.2,5,5,4.13,4.13,0.3125,0.291,12.8
AISC-HSS-RECT-HSS5X5X_375,HSS-RECT,HSS5X5X.375,HSS5X5X3/8,AISC-SHAPES,16.0,22.37,US_CUSTOMARY,6.18,21.7,10.6,8.68,1.87,21.7,10.6,8.68,1.87,36.1,5,5,3.95,3.95,0.375,0.349,14.9
AISC-HSS-RECT-HSS5X5X_500,HSS-RECT,HSS5X5X.500,HSS5X5X1/2,AISC-SHAPES,16.0,28.43,US_CUSTOMARY,7.88,26,13.1,10.4,1.82,26,13.1,10.4,1.82,44.6,5,5,3.6,3.6,0.5,0.465,18.7
AISC-HSS-RECT-HSS5_1_2X5_1_2X_125,HSS-RECT,HSS5-1/2X5-1/2X.125,HSS5-1/2X5-1/2X1/8,AISC-SHAPES,16.0,9.01,US_CUSTOMARY,2.46,11.8,4.95,4.3,2.19,11.8,4.95,4.3,2.19,18.3,5.5,5.5,5.15,5.15,0.125,0.116,6.72
AISC-HSS-RECT-HSS5_1_2X5_1_2X_188,HSS-RECT,HSS5-1/2X5-1/2X.188,HSS5-1/2X5-1/2X3/16,AISC-SHAPES,16.0,13.25,US_CUSTOMARY,3.63,17,7.19,6.17,2.16,17,7.19,6.17,2.16,26.7,5.5,5.5,4.98,4.98,0.1875,0.174,9.85
AISC-HSS-RECT-HSS5_1_2X5_1_2X_250,HSS-RECT,HSS5-1/2X5-1/2X.250,HSS5-1/2X5-1/2X1/4,AISC-SHAPES,16.0,17.32,US_CUSTOMARY,4.77,21.7,9.32,7.9,2.13,21.7,9.32,7.9,2.13,34.8,5.5,5.5,4.8,4.8,0.25,0.233,12.9
AISC-HSS-RECT-HSS5_1_2X5_1_2X_313,HSS-RECT,HSS5-1/2X5-1/2X.313,HSS5-1/2X5-1/2X5/16,AISC-SHAPES,16.0,21.21,US_CUSTOMARY,5.85,25.9,11.3,9.43,2.11,25.9,11.3,9.43,2.11,42.2,5.5,5.5,4.63,4.63,0.3125,0.291,15.7
AISC-HSS-RECT-HSS5_1_2X5_1_2X_375,HSS-RECT,HSS5-1/2X5-1/2X.375,HSS5-1/2X5-1/2X3/8,AISC-SHAPES,16.0,24.93,US_CUSTOMARY,6.88,29.7,13.1,10.8,2.08,29.7,13.1,10.8,2.08,49,5.5,5.5,4.45,4.45,0.375,0.349,18.4
AISC-HSS-RECT-HSS6X2X_125,HSS-RECT,HSS6X2X.125,HSS6X2X1/8,AISC-SHAPES,16.0,6.46,US_CUSTOMARY,1.77,7.42,3.19,2.47,2.05,1.31,1.46,1.31,0.861,3.72,6,2,5.65,1.65,0.125,0.116,2.57
AISC-HSS-RECT-HSS6X2X_188,HSS-RECT,HSS6X2X.188,HSS6X2X3/16,AISC-SHAPES,16.0,9.42,US_CUSTOMARY,2.58,10.5,4.58,3.49,2.01,1.8,2.07,1.8,0.836,5.24,6,2,5.48,1.48,0.1875,0.174,3.68
AISC-HSS-RECT-HSS6X2X_250,HSS-RECT,HSS6X2X.250,HSS6X2X1/4,AISC-SHAPES,16.0,12.21,US_CUSTOMARY,3.37,13.1,5.84,4.37,1.97,2.21,2.61,2.21,0.81,6.55,6,2,5.3,1.3,0.25,0.233,4.7
AISC-HSS-RECT-HSS6X2X_313,HSS-RECT,HSS6X2X.313,HSS6X2X5/16,AISC-SHAPES,16.0,14.83,US_CUSTOMARY,4.1,15.3,6.95,5.11,1.93,2.52,3.07,2.52,0.785,7.6,6,2,5.13,1.13,0.3125,0.291,5.58
AISC-HSS-RECT-HSS6X2X_375,HSS-RECT,HSS6X2X.375,HSS6X2X3/8,AISC-SHAPES,16.0,17.27,US_CUSTOMARY,4.78,17.1,7.93,5.71,1.89,2.77,3.46,2.77,0.76,8.42,6,2,4.95,0.953,0.375,0.349,6.35
AISC-HSS-RECT-HSS6X3X_125,HSS-RECT,HSS6X3X.125,HSS6X3X1/8,AISC-SHAPES,16.0,7.31,US_CUSTOMARY,2,9.43,3.87,3.14,2.17,3.23,2.4,2.15,1.27,7.73,6,3,5.65,2.65,0.125,0.116,3.93
AISC-HSS-RECT-HSS6X3X_188,HSS-RECT,HSS6X3X.188,HSS6X3X3/16,AISC-SHAPES,16.0,10.7,US_CUSTOMARY,2.93,13.4,5.59,4.47,2.14,4.55,3.45,3.03,1.25,11.1,6,3,5.48,2.48,0.1875,0.174,5.71
AISC-HSS-RECT-HSS6X3X_250,HSS-RECT,HSS6X3X.250,HSS6X3X1/4,AISC-SHAPES,16.0,13.91,US_CUSTOMARY,3.84,17,7.19,5.66,2.1,5.7,4.41,3.8,1.22,14.2,6,3,5.3,2.3,0.25,0.233,7.39
AISC-HSS-RECT-HSS6X3X_313,HSS-RECT,HSS6X3X.313,HSS6X3X5/16,AISC-SHAPES,16.0,16.96,US_CUSTOMARY,4.68,20.1,8.61,6.69,2.07,6.67,5.27,4.45,1.19,16.9,6,3,5.13,2.13,0.3125,0.291,8.91
AISC-HSS-RECT-HSS6X3X_375,HSS-RECT,HSS6X3X.375,HSS6X3X3/8,AISC-SHAPES,16.0,19.82,US_CUSTOMARY,5.48,22.7,9.9,7.57,2.04,7.48,6.03,4.99,1.17,19.3,6,3,4.95,1.95,0.375,0.349,10.3
AISC-HSS-RECT-HSS6X3X_500,HSS-RECT,HSS6X3X.500,HSS6X3X1/2,AISC-SHAPES,16.0,25.03,US_CUSTOMARY,6.95,26.8,12.1,8.95,1.97,8.69,7.28,5.79,1.12,23.1,6,3,4.61,1.6,0.5,0.465,12.7
AISC-HSS-RECT-HSS6X4X_125,HSS-RECT,HSS6X4X.125,HSS6X4X1/8,AISC-SHAPES,16.0,8.16,US_CUSTOMARY,2.23,11.4,4.56,3.81,2.26,6.15,3.46,3.08,1.66,12.6,6,4,5.65,3.65,0.125,0.116,5.3
AISC-HSS-RECT-HSS6X4X_188,HSS-RECT,HSS6X4X.188,HSS6X4X3/16,AISC-SHAPES,16.0,11.97,US_CUSTOMARY,3.28,16.4,6.6,5.46,2.23,8.76,5,4.38,1.63,18.2,6,4,5.48,3.48,0.1875,0.174,7.74
AISC-HSS-RECT-HSS6X4X_250,HSS-RECT,HSS6X4X.250,HSS6X4X1/4,AISC-SHAPES,16.0,15.62,US_CUSTOMARY,4.3,20.9,8.53,6.96,2.2,11.1,6.45,5.56,1.61,23.6,6,4,5.3,3.3,0.25,0.233,10.1
AISC-HSS-RECT-HSS6X4X_313,HSS-RECT,HSS6X4X.313,HSS6X4X5/16,AISC-SHAPES,16.0,19.08,US_CUSTOMARY,5.26,24.8,10.3,8.27,2.17,13.2,7.75,6.58,1.58,28.4,6,4,5.13,3.13,0.3125,0.291,12.2
AISC-HSS-RECT-HSS6X4X_375,HSS-RECT,HSS6X4X.375,HSS6X4X3/8,AISC-SHAPES,16.0,22.37,US_CUSTOMARY,6.18,28.3,11.9,9.43,2.14,14.9,8.94,7.47,1.55,32.8,6,4,4.95,2.95,0.375,0.349,14.2
AISC-HSS-RECT-HSS6X4X_500,HSS-RECT,HSS6X4X.500,HSS6X4X1/2,AISC-SHAPES,16.0,28.43,US_CUSTOMARY,7.88,34,14.6,11.3,2.08,17.8,11,8.89,1.5,40.3,6,4,4.61,2.6,0.5,0.465,17.8
AISC-HSS-RECT-HSS6X5X_125,HSS-RECT,HSS6X5X.125,HSS6X5X1/8,AISC-SHAPES,16.0,9.01,US_CUSTOMARY,2.46,13.4,5.24,4.48,2.34,10.2,4.63,4.07,2.03,18,6,5,5.65,4.65,0.125,0.116,6.66
AISC-HSS-RECT-HSS6X5X_188,HSS-RECT,HSS6X5X.188,HSS6X5X3/16,AISC-SHAPES,16.0,13.25,US_CUSTOMARY,3.63,19.3,7.62,6.44,2.31,14.6,6.73,5.84,2.01,26.3,6,5,5.48,4.48,0.1875,0.174,9.76
AISC-HSS-RECT-HSS6X5X_250,HSS-RECT,HSS6X5X.250,HSS6X5X1/4,AISC-SHAPES,16.0,17.32,US_CUSTOMARY,4.77,24.7,9.87,8.25,2.28,18.7,8.72,7.47,1.98,34.2,6,5,5.3,4.3,0.25,0.233,12.8
AISC-HSS-RECT-HSS6X5X_313,HSS-RECT,HSS6X5X.313,HSS6X5X5/16,AISC-SHAPES,16.0,21.21,US_CUSTOMARY,5.85,29.6,11.9,9.85,2.25,22.3,10.5,8.91,1.95,41.4,6,5,5.13,4.13,0.3125,0.291,15.6
AISC-HSS-RECT-HSS6X5X_375,HSS-RECT,HSS6X5X.375,HSS6X5X3/8,AISC-SHAPES,16.0,24.93,US_CUSTOMARY,6.88,33.9,13.8,11.3,2.22,25.5,12.2,10.2,1.92,48.1,6,5,4.95,3.95,0.375,0.349,18.2
AISC-HSS-RECT-HSS6X5X_500,HSS-RECT,HSS6X5X.500,HSS6X5X1/2,AISC-SHAPES,16.0,31.84,US_CUSTOMARY,8.81,41.1,17.2,13.7,2.16,30.8,15.2,12.3,1.87,59.8,6,5,4.61,3.6,0.5,0.465,23
AISC-HSS-RECT-HSS6X6X_125,HSS-RECT,HSS6X6X.125,HSS6X6X1/8,AISC-SHAPES,16.0,9.86,US_CUSTOMARY,2.7,15.5,5.92,5.15,2.39,15.5,5.92,5.15,2.39,23.9,6,6,5.65,5.65,0.125,0.116,8.03
AISC-HSS-RECT-HSS6X6X_188,HSS-RECT,HSS6X6X.188,HSS6X6X3/16,AISC-SHAPES,16.0,14.53,US_CUSTOMARY,3.98,22.3,8.63,7.42,2.37,22.3,8.63,7.42,2.37,35,6,6,5.48,5.48,0.1875,0.174,11.8
AISC-HSS-RECT-HSS6X6X_250,HSS-RECT,HSS6X6X.250,HSS6X6X1/4,AISC-SHAPES,16.0,19.02,US_CUSTOMARY,5.24,28.6,11.2,9.54,2.34,28.6,11.2,9.54,2.34,45.6,6,6,5.3,5.3,0.25,0.233,15.4
AISC-HSS-RECT-HSS6X6X_313,HSS-RECT,HSS6X6X.313,HSS6X6X5/16,AISC-SHAPES,16.0,23.34,US_CUSTOMARY,6.43,34.3,13.6,11.4,2.31,34.3,13.6,11.4,2.31,55.4,6,6,5.13,5.13,0.3125,0.291,18.9
AISC-HSS-RECT-HSS6X6X_375,HSS-RECT,HSS6X6X.375,HSS6X6X3/8,AISC-SHAPES,16.0,27.48,US_CUSTOMARY,7.58,39.5,15.8,13.2,2.28,39.5,15.8,13.2,2.28,64.6,6,6,4.95,4.95,0.375,0.349,22.1
AISC-HSS-RECT-HSS6X6X_500,HSS-RECT,HSS6X6X.500,HSS6X6X1/2,AISC-SHAPES,16.0,35.24,US_CUSTOMARY,9.74,48.3,19.8,16.1,2.23,48.3,19.8,16.1,2.23,81.1,6,6,4.61,4.61,0.5,0.465,28.1
AISC-HSS-RECT-HSS6X6X_625,HSS-RECT,HSS6X6X.625,HSS6X6X5/8,AISC-SHAPES,16.0,42.3,US_CUSTOMARY,11.7,55.2,23.2,18.4,2.17,55.2,23.2,18.4,2.17,94.9,6,6,4.26,4.26,0.625,0.581,33.4
AISC-HSS-RECT-HSS7X2X_125,HSS-RECT,HSS7X2X.125,HSS7X2X1/8,AISC-SHAPES,16.0,7.31,US_CUSTOMARY,2,11.1,4.13,3.16,2.35,1.52,1.68,1.52,0.871,4.51,7,2,6.65,1.65,0.125,0.116,3
AISC-HSS-RECT-HSS7X2X_188,HSS-RECT,HSS7X2X.188,HSS7X2X3/16,AISC-SHAPES,16.0,10.7,US_CUSTOMARY,2.93,15.7,5.95,4.49,2.31,2.1,2.39,2.1,0.845,6.35,7,2,6.48,1.48,0.1875,0.174,4.32
AISC-HSS-RECT-HSS7X2X_250,HSS-RECT,HSS7X2X.250,HSS7X2X1/4,AISC-SHAPES,16.0,13.91,US_CUSTOMARY,3.84,19.8,7.64,5.67,2.27,2.58,3.02,2.58,0.819,7.95,7,2,6.3,1.3,0.25,0.233,5.52
AISC-HSS-RECT-HSS7X3X_125,HSS-RECT,HSS7X3X.125,HSS7X3X1/8,AISC-SHAPES,16.0,8.16,US_CUSTOMARY,2.23,13.8,4.93,3.95,2.49,3.71,2.73,2.48,1.29,9.48,7,3,6.65,2.65,0.125,0.116,4.6
AISC-HSS-RECT-HSS7X3X_188,HSS-RECT,HSS7X3X.188,HSS7X3X3/16,AISC-SHAPES,16.0,11.97,US_CUSTOMARY,3.28,19.8,7.14,5.65,2.45,5.24,3.94,3.5,1.26,13.7,7,3,6.48,2.48,0.1875,0.174,6.69
AISC-HSS-RECT-HSS7X3X_250,HSS-RECT,HSS7X3X.250,HSS7X3X1/4,AISC-SHAPES,16.0,15.62,US_CUSTOMARY,4.3,25.2,9.22,7.19,2.42,6.6,5.06,4.4,1.24,17.5,7,3,6.3,2.3,0.25,0.233,8.68
AISC-HSS-RECT-HSS7X3X_313,HSS-RECT,HSS7X3X.313,HSS7X3X5/16,AISC-SHAPES,16.0,19.08,US_CUSTOMARY,5.26,29.9,11.1,8.54,2.38,7.74,6.05,5.16,1.21,20.9,7,3,6.13,2.13,0.3125,0.291,10.5
AISC-HSS-RECT-HSS7X3X_375,HSS-RECT,HSS7X3X.375,HSS7X3X3/8,AISC-SHAPES,16.0,22.37,US_CUSTOMARY,6.18,34.1,12.8,9.73,2.35,8.71,6.95,5.81,1.19,23.9,7,3,5.95,1.95,0.375,0.349,12.1
AISC-HSS-RECT-HSS7X3X_500,HSS-RECT,HSS7X3X.500,HSS7X3X1/2,AISC-SHAPES,16.0,28.43,US_CUSTOMARY,7.88,40.7,15.8,11.6,2.27,10.2,8.46,6.8,1.14,28.6,7,3,5.6,1.6,0.5,0.465,15
AISC-HSS-RECT-HSS7X4X_125,HSS-RECT,HSS7X4X.125,HSS7X4X1/8,AISC-SHAPES,16.0,9.01,US_CUSTOMARY,2.46,16.6,5.73,4.73,2.59,7.03,3.91,3.51,1.69,15.6,7,4,6.65,3.65,0.125,0.116,6.2
AISC-HSS-RECT-HSS7X4X_188,HSS-RECT,HSS7X4X.188,HSS7X4X3/16,AISC-SHAPES,16.0,13.25,US_CUSTOMARY,3.63,23.8,8.33,6.81,2.56,10,5.67,5.02,1.66,22.7,7,4,6.48,3.48,0.1875,0.174,9.07
AISC-HSS-RECT-HSS7X4X_250,HSS-RECT,HSS7X4X.250,HSS7X4X1/4,AISC-SHAPES,16.0,17.32,US_CUSTOMARY,4.77,30.5,10.8,8.72,2.53,12.8,7.33,6.38,1.64,29.3,7,4,6.3,3.3,0.25,0.233,11.8
AISC-HSS-RECT-HSS7X4X_313,HSS-RECT,HSS7X4X.313,HSS7X4X5/16,AISC-SHAPES,16.0,21.21,US_CUSTOMARY,5.85,36.5,13.1,10.4,2.5,15.2,8.83,7.58,1.61,35.4,7,4,6.13,3.13,0.3125,0.291,14.4
AISC-HSS-RECT-HSS7X4X_375,HSS-RECT,HSS7X4X.375,HSS7X4X3/8,AISC-SHAPES,16.0,24.93,US_CUSTOMARY,6.88,41.8,15.1,11.9,2.46,17.3,10.2,8.63,1.58,41,7,4,5.95,2.95,0.375,0.349,16.8
AISC-HSS-RECT-HSS7X4X_500,HSS-RECT,HSS7X4X.500,HSS7X4X1/2,AISC-SHAPES,16.0,31.84,US_CUSTOMARY,8.81,50.7,18.8,14.5,2.4,20.7,12.6,10.4,1.53,50.5,7,4,5.6,2.6,0.5,0.465,21.1
AISC-HSS-RECT-HSS7X5X_125,HSS-RECT,HSS7X5X.125,HSS7X5X1/8,AISC-SHAPES,16.0,9.86,US_CUSTOMARY,2.7,19.3,6.53,5.52,2.68,11.6,5.2,4.63,2.07,22.5,7,5,6.65,4.65,0.125,0.116,7.79
AISC-HSS-RECT-HSS7X5X_188,HSS-RECT,HSS7X5X.188,HSS7X5X3/16,AISC-SHAPES,16.0,14.53,US_CUSTOMARY,3.98,27.9,9.52,7.96,2.65,16.6,7.57,6.65,2.05,32.9,7,5,6.48,4.48,0.1875,0.174,11.4
AISC-HSS-RECT-HSS7X5X_250,HSS-RECT,HSS7X5X.250,HSS7X5X1/4,AISC-SHAPES,16.0,19.02,US_CUSTOMARY,5.24,35.9,12.4,10.2,2.62,21.3,9.83,8.53,2.02,42.9,7,5,6.3,4.3,0.25,0.233,15
AISC-HSS-RECT-HSS7X5X_313,HSS-RECT,HSS7X5X.313,HSS7X5X5/16,AISC-SHAPES,16.0,23.34,US_CUSTOMARY,6.43,43,15,12.3,2.59,25.5,11.9,10.2,1.99,52.1,7,5,6.13,4.13,0.3125,0.291,18.3
AISC-HSS-RECT-HSS7X5X_375,HSS-RECT,HSS7X5X.375,HSS7X5X3/8,AISC-SHAPES,16.0,27.48,US_CUSTOMARY,7.58,49.5,17.5,14.1,2.56,29.3,13.8,11.7,1.97,60.6,7,5,5.95,3.95,0.375,0.349,21.4
AISC-HSS-RECT-HSS7X5X_500,HSS-RECT,HSS7X5X.500,HSS7X5X1/2,AISC-SHAPES,16.0,35.24,US_CUSTOMARY,9.74,60.6,21.9,17.3,2.5,35.6,17.3,14.2,1.91,75.8,7,5,5.6,3.6,0.5,0.465,27.2
AISC-HSS-RECT-HSS7X7X_125,HSS-RECT,HSS7X7X.125,HSS7X7X1/8,AISC-SHAPES,16.0,11.56,US_CUSTOMARY,3.16,24.8,8.13,7.09,2.8,24.8,8.13,7.09,2.8,38.2,7,7,6.65,6.65,0.125,0.116,11
AISC-HSS-RECT-HSS7X7X_188,HSS-RECT,HSS7X7X.188,HSS7X7X3/16,AISC-SHAPES,16.0,17.08,US_CUSTOMARY,4.67,36,11.9,10.3,2.77,36,11.9,10.3,2.77,56.1,7,7,6.48,6.48,0.1875,0.174,16.2
AISC-HSS-RECT-HSS7X7X_250,HSS-RECT,HSS7X7X.250,HSS7X7X1/4,AISC-SHAPES,16.0,22.42,US_CUSTOMARY,6.17,46.5,15.5,13.3,2.75,46.5,15.5,13.3,2.75,73.5,7,7,6.3,6.3,0.25,0.233,21.3
AISC-HSS-RECT-HSS7X7X_313,HSS-RECT,HSS7X7X.313,HSS7X7X5/16,AISC-SHAPES,16.0,27.59,US_CUSTOMARY,7.59,56.1,18.9,16,2.72,56.1,18.9,16,2.72,89.7,7,7,6.13,6.13,0.3125,0.291,26.1
AISC-HSS-RECT-HSS7X7X_375,HSS-RECT,HSS7X7X.375,HSS7X7X3/8,AISC-SHAPES,16.0,32.58,US_CUSTOMARY,8.97,65,22.1,18.6,2.69,65,22.1,18.6,2.69,105,7,7,5.95,5.95,0.375,0.349,30.7
AISC-HSS-RECT-HSS7X7X_500,HSS-RECT,HSS7X7X.500,HSS7X7X1/2,AISC-SHAPES,16.0,42.05,US_CUSTOMARY,11.6,80.5,27.9,23,2.63,80.5,27.9,23,2.63,133,7,7,5.6,5.6,0.5,0.465,39.3
AISC-HSS-RECT-HSS7X7X_625,HSS-RECT,HSS7X7X.625,HSS7X7X5/8,AISC-SHAPES,16.0,50.81,US_CUSTOMARY,14,93.4,33.1,26.7,2.58,93.4,33.1,26.7,2.58,158,7,7,5.26,5.26,0.625,0.581,47.1
AISC-HSS-RECT-HSS8X2X_125,HSS-RECT,HSS8X2X.125,HSS8X2X1/8,AISC-SHAPES,16.0,8.16,US_CUSTOMARY,2.23,15.7,5.19,3.93,2.65,1.72,1.9,1.72,0.879,5.3,8,2,7.65,1.65,0.125,0.116,3.44
AISC-HSS-RECT-HSS8X2X_188,HSS-RECT,HSS8X2X.188,HSS8X2X3/16,AISC-SHAPES,16.0,11.97,US_CUSTOMARY,3.28,22.4,7.51,5.61,2.61,2.39,2.7,2.39,0.853,7.48,8,2,7.48,1.48,0.1875,0.174,4.95
AISC-HSS-RECT-HSS8X2X_250,HSS-RECT,HSS8X2X.250,HSS8X2X1/4,AISC-SHAPES,16.0,15.62,US_CUSTOMARY,4.3,28.5,9.68,7.12,2.57,2.94,3.43,2.94,0.827,9.36,8,2,7.3,1.3,0.25,0.233,6.35
AISC-HSS-RECT-HSS8X2X_313,HSS-RECT,HSS8X2X.313,HSS8X2X5/16,AISC-SHAPES,16.0,19.08,US_CUSTOMARY,5.26,33.7,11.6,8.43,2.53,3.38,4.06,3.38,0.802,10.9,8,2,7.13,1.13,0.3125,0.291,7.57
AISC-HSS-RECT-HSS8X2X_375,HSS-RECT,HSS8X2X.375,HSS8X2X3/8,AISC-SHAPES,16.0,22.37,US_CUSTOMARY,6.18,38.2,13.4,9.56,2.49,3.73,4.61,3.73,0.777,12.1,8,2,6.95,0.953,0.375,0.349,8.65
AISC-HSS-RECT-HSS8X2X_500,HSS-RECT,HSS8X2X.500,HSS8X2X1/2,AISC-SHAPES,16.0,28.43,US_CUSTOMARY,7.88,45.3,16.5,11.3,2.4,4.19,5.47,4.19,0.73,13.6,8,2,6.61,0.605,0.5,0.465,10.4
AISC-HSS-RECT-HSS8X3X_125,HSS-RECT,HSS8X3X.125,HSS8X3X1/8,AISC-SHAPES,16.0,9.01,US_CUSTOMARY,2.46,19.3,6.11,4.83,2.8,4.2,3.07,2.8,1.31,11.3,8,3,7.65,2.65,0.125,0.116,5.27
AISC-HSS-RECT-HSS8X3X_188,HSS-RECT,HSS8X3X.188,HSS8X3X3/16,AISC-SHAPES,16.0,13.25,US_CUSTOMARY,3.63,27.8,8.87,6.94,2.77,5.94,4.43,3.96,1.28,16.2,8,3,7.48,2.48,0.1875,0.174,7.68
AISC-HSS-RECT-HSS8X3X_250,HSS-RECT,HSS8X3X.250,HSS8X3X1/4,AISC-SHAPES,16.0,17.32,US_CUSTOMARY,4.77,35.5,11.5,8.88,2.73,7.49,5.7,4.99,1.25,20.8,8,3,7.3,2.3,0.25,0.233,10
AISC-HSS-RECT-HSS8X3X_313,HSS-RECT,HSS8X3X.313,HSS8X3X5/16,AISC-SHAPES,16.0,21.21,US_CUSTOMARY,5.85,42.4,13.9,10.6,2.69,8.81,6.84,5.87,1.23,24.9,8,3,7.13,2.13,0.3125,0.291,12.1
AISC-HSS-RECT-HSS8X3X_375,HSS-RECT,HSS8X3X.375,HSS8X3X3/8,AISC-SHAPES,16.0,24.93,US_CUSTOMARY,6.88,48.5,16.1,12.1,2.65,10,7.88,6.63,1.2,28.5,8,3,6.95,1.95,0.375,0.349,14
AISC-HSS-RECT-HSS8X3X_500,HSS-RECT,HSS8X3X.500,HSS8X3X1/2,AISC-SHAPES,16.0,31.84,US_CUSTOMARY,8.81,58.6,20,14.6,2.58,11.7,9.64,7.81,1.15,34.3,8,3,6.6,1.6,0.5,0.465,17.4
AISC-HSS-RECT-HSS8X4X_125,HSS-RECT,HSS8X4X.125,HSS8X4X1/8,AISC-SHAPES,16.0,9.86,US_CUSTOMARY,2.7,22.9,7.02,5.73,2.92,7.9,4.36,3.95,1.71,18.7,8,4,7.65,3.65,0.125,0.116,7.1
AISC-HSS-RECT-HSS8X4X_188,HSS-RECT,HSS8X4X.188,HSS8X4X3/16,AISC-SHAPES,16.0,14.53,US_CUSTOMARY,3.98,33.1,10.2,8.27,2.88,11.3,6.33,5.65,1.69,27.2,8,4,7.48,3.48,0.1875,0.174,10.4
AISC-HSS-RECT-HSS8X4X_250,HSS-RECT,HSS8X4X.250,HSS8X4X1/4,AISC-SHAPES,16.0,19.02,US_CUSTOMARY,5.24,42.5,13.3,10.6,2.85,14.4,8.2,7.21,1.66,35.3,8,4,7.3,3.3,0.25,0.233,13.6
AISC-HSS-RECT-HSS8X4X_313,HSS-RECT,HSS8X4X.313,HSS8X4X5/16,AISC-SHAPES,16.0,23.34,US_CUSTOMARY,6.43,51,16.1,12.8,2.82,17.2,9.91,8.58,1.63,42.6,8,4,7.13,3.13,0.3125,0.291,16.5
AISC-HSS-RECT-HSS8X4X_375,HSS-RECT,HSS8X4X.375,HSS8X4X3/8,AISC-SHAPES,16.0,27.48,US_CUSTOMARY,7.58,58.7,18.8,14.7,2.78,19.6,11.5,9.8,1.61,49.3,8,4,6.95,2.95,0.375,0.349,19.3
AISC-HSS-RECT-HSS8X4X_500,HSS-RECT,HSS8X4X.500,HSS8X4X1/2,AISC-SHAPES,16.0,35.24,US_CUSTOMARY,9.74,71.8,23.5,17.9,2.71,23.6,14.3,11.8,1.56,61.1,8,4,6.6,2.6,0.5,0.465,24.4
AISC-HSS-RECT-HSS8X4X_625,HSS-RECT,HSS8X4X.625,HSS8X4X5/8,AISC-SHAPES,16.0,42.3,US_CUSTOMARY,11.7,82,27.4,20.5,2.64,26.6,16.6,13.3,1.51,70.3,8,4,6.26,2.26,0.625,0.581,28.7
AISC-HSS-RECT-HSS8X6X_188,HSS-RECT,HSS8X6X.188,HSS8X6X3/16,AISC-SHAPES,16.0,17.08,US_CUSTOMARY,4.67,43.7,13,10.9,3.06,28.2,10.7,9.39,2.46,53.7,8,6,7.48,5.48,0.1875,0.174,15.8
AISC-HSS-RECT-HSS8X6X_250,HSS-RECT,HSS8X6X.250,HSS8X6X1/4,AISC-SHAPES,16.0,22.42,US_CUSTOMARY,6.17,56.6,16.9,14.2,3.03,36.4,13.9,12.1,2.43,70.3,8,6,7.3,5.3,0.25,0.233,20.8
AISC-HSS-RECT-HSS8X6X_313,HSS-RECT,HSS8X6X.313,HSS8X6X5/16,AISC-SHAPES,16.0,27.59,US_CUSTOMARY,7.59,68.3,20.6,17.1,3,43.8,16.9,14.6,2.4,85.8,8,6,7.13,5.13,0.3125,0.291,25.5
AISC-HSS-RECT-HSS8X6X_375,HSS-RECT,HSS8X6X.375,HSS8X6X3/8,AISC-SHAPES,16.0,32.58,US_CUSTOMARY,8.97,79.1,24.1,19.8,2.97,50.6,19.8,16.9,2.38,100,8,6,6.95,4.95,0.375,0.349,30
AISC-HSS-RECT-HSS8X6X_500,HSS-RECT,HSS8X6X.500,HSS8X6X1/2,AISC-SHAPES,16.0,42.05,US_CUSTOMARY,11.6,98.2,30.5,24.6,2.91,62.5,24.9,20.8,2.32,127,8,6,6.6,4.61,0.5,0.465,38.4
AISC-HSS-RECT-HSS8X6X_625,HSS-RECT,HSS8X6X.625,HSS8X6X5/8,AISC-SHAPES,16.0,50.81,US_CUSTOMARY,14,114,36.1,28.5,2.85,72.3,29.5,24.1,2.27,150,8,6,6.26,4.26,0.625,0.581,46
AISC-HSS-RECT-HSS8X8X_125,HSS-RECT,HSS8X8X.125,HSS8X8X1/8,AISC-SHAPES,16.0,13.26,US_CUSTOMARY,3.62,37.4,10.7,9.34,3.21,37.4,10.7,9.34,3.21,57.3,8,8,7.65,7.65,0.125,0.116,14.4
AISC-HSS-RECT-HSS8X8X_188,HSS-RECT,HSS8X8X.188,HSS8X8X3/16,AISC-SHAPES,16.0,19.63,US_CUSTOMARY,5.37,54.4,15.7,13.6,3.18,54.4,15.7,13.6,3.18,84.5,8,8,7.48,7.48,0.1875,0.174,21.3
AISC-HSS-RECT-HSS8X8X_250,HSS-RECT,HSS8X8X.250,HSS8X8X1/4,AISC-SHAPES,16.0,25.82,US_CUSTOMARY,7.1,70.7,20.5,17.7,3.15,70.7,20.5,17.7,3.15,111,8,8,7.3,7.3,0.25,0.233,28.1
AISC-HSS-RECT-HSS8X8X_313,HSS-RECT,HSS8X8X.313,HSS8X8X5/16,AISC-SHAPES,16.0,31.84,US_CUSTOMARY,8.76,85.6,25.1,21.4,3.13,85.6,25.1,21.4,3.13,136,8,8,7.13,7.13,0.3125,0.291,34.5
AISC-HSS-RECT-HSS8X8X_375,HSS-RECT,HSS8X8X.375,HSS8X8X3/8,AISC-SHAPES,16.0,37.69,US_CUSTOMARY,10.4,100,29.4,24.9,3.1,100,29.4,24.9,3.1,160,8,8,6.95,6.95,0.375,0.349,40.7
AISC-HSS-RECT-HSS8X8X_500,HSS-RECT,HSS8X8X.500,HSS8X8X1/2,AISC-SHAPES,16.0,48.85,US_CUSTOMARY,13.5,125,37.5,31.2,3.04,125,37.5,31.2,3.04,204,8,8,6.6,6.6,0.5,0.465,52.4
AISC-HSS-RECT-HSS8X8X_625,HSS-RECT,HSS8X8X.625,HSS8X8X5/8,AISC-SHAPES,16.0,59.32,US_CUSTOMARY,16.4,146,44.7,36.5,2.99,146,44.7,36.5,2.99,244,8,8,6.26,6.26,0.625,0.581,63.2
AISC-HSS-RECT-HSS9X3X_188,HSS-RECT,HSS9X3X.188,HSS9X3X3/16,AISC-SHAPES,16.0,14.53,US_CUSTOMARY,3.98,37.6,10.8,8.35,3.07,6.64,4.92,4.42,1.29,18.9,9,3,8.48,2.48,0.1875,0.174,8.66
AISC-HSS-RECT-HSS9X3X_250,HSS-RECT,HSS9X3X.250,HSS9X3X1/4,AISC-SHAPES,16.0,19.02,US_CUSTOMARY,5.24,48.2,14,10.7,3.04,8.38,6.35,5.59,1.27,24.2,9,3,8.3,2.3,0.25,0.233,11.3
AISC-HSS-RECT-HSS9X3X_313,HSS-RECT,HSS9X3X.313,HSS9X3X5/16,AISC-SHAPES,16.0,23.34,US_CUSTOMARY,6.43,57.7,16.9,12.8,3,9.88,7.63,6.59,1.24,28.9,9,3,8.13,2.13,0.3125,0.291,13.6
AISC-HSS-RECT-HSS9X3X_375,HSS-RECT,HSS9X3X.375,HSS9X3X3/8,AISC-SHAPES,16.0,27.48,US_CUSTOMARY,7.58,66.3,19.7,14.7,2.96,11.2,8.8,7.45,1.21,33.1,9,3,7.95,1.95,0.375,0.349,15.8
AISC-HSS-RECT-HSS9X3X_500,HSS-RECT,HSS9X3X.500,HSS9X3X1/2,AISC-SHAPES,16.0,35.24,US_CUSTOMARY,9.74,80.8,24.6,18,2.88,13.2,10.8,8.81,1.17,40,9,3,7.6,1.6,0.5,0.465,19.7
AISC-HSS-RECT-HSS9X5X_188,HSS-RECT,HSS9X5X.188,HSS9X5X3/16,AISC-SHAPES,16.0,17.08,US_CUSTOMARY,4.67,51.1,13.8,11.4,3.31,20.7,9.25,8.28,2.1,46.9,9,5,8.48,4.48,0.1875,0.174,14.8
AISC-HSS-RECT-HSS9X5X_250,HSS-RECT,HSS9X5X.250,HSS9X5X1/4,AISC-SHAPES,16.0,22.42,US_CUSTOMARY,6.17,66.1,18.1,14.7,3.27,26.6,12,10.6,2.08,61.2,9,5,8.3,4.3,0.25,0.233,19.4
AISC-HSS-RECT-HSS9X5X_313,HSS-RECT,HSS9X5X.313,HSS9X5X5/16,AISC-SHAPES,16.0,27.59,US_CUSTOMARY,7.59,79.8,22,17.7,3.24,32,14.6,12.8,2.05,74.4,9,5,8.13,4.13,0.3125,0.291,23.8
AISC-HSS-RECT-HSS9X5X_375,HSS-RECT,HSS9X5X.375,HSS9X5X3/8,AISC-SHAPES,16.0,32.58,US_CUSTOMARY,8.97,92.5,25.7,20.5,3.21,36.8,17.1,14.7,2.03,86.9,9,5,7.95,3.95,0.375,0.349,27.9
AISC-HSS-RECT-HSS9X5X_500,HSS-RECT,HSS9X5X.500,HSS9X5X1/2,AISC-SHAPES,16.0,42.05,US_CUSTOMARY,11.6,115,32.5,25.5,3.14,45.2,21.5,18.1,1.97,109,9,5,7.6,3.6,0.5,0.465,35.6
AISC-HSS-RECT-HSS9X5X_625,HSS-RECT,HSS9X5X.625,HSS9X5X5/8,AISC-SHAPES,16.0,50.81,US_CUSTOMARY,14,133,38.5,29.6,3.08,52,25.3,20.8,1.92,128,9,5,7.26,3.26,0.625,0.581,42.5
AISC-HSS-RECT-HSS9X7X_188,HSS-RECT,HSS9X7X.188,HSS9X7X3/16,AISC-SHAPES,16.0,19.63,US_CUSTOMARY,5.37,64.7,16.9,14.4,3.47,44.1,14.3,12.6,2.87,81.7,9,7,8.48,6.48,0.1875,0.174,20.9
AISC-HSS-RECT-HSS9X7X_250,HSS-RECT,HSS9X7X.250,HSS9X7X1/4,AISC-SHAPES,16.0,25.82,US_CUSTOMARY,7.1,84.1,22.2,18.7,3.44,57.2,18.7,16.3,2.84,107,9,7,8.3,6.3,0.25,0.233,27.6
AISC-HSS-RECT-HSS9X7X_313,HSS-RECT,HSS9X7X.313,HSS9X7X5/16,AISC-SHAPES,16.0,31.84,US_CUSTOMARY,8.76,102,27.1,22.6,3.41,69.2,22.8,19.8,2.81,131,9,7,8.13,6.13,0.3125,0.291,33.9
AISC-HSS-RECT-HSS9X7X_375,HSS-RECT,HSS9X7X.375,HSS9X7X3/8,AISC-SHAPES,16.0,37.69,US_CUSTOMARY,10.4,119,31.8,26.4,3.38,80.4,26.7,23,2.78,154,9,7,7.95,5.95,0.375,0.349,40
AISC-HSS-RECT-HSS9X7X_500,HSS-RECT,HSS9X7X.500,HSS9X7X1/2,AISC-SHAPES,16.0,48.85,US_CUSTOMARY,13.5,149,40.5,33,3.32,100,34,28.7,2.73,197,9,7,7.6,5.6,0.5,0.465,51.5
AISC-HSS-RECT-HSS9X7X_625,HSS-RECT,HSS9X7X.625,HSS9X7X5/8,AISC-SHAPES,16.0,59.32,US_CUSTOMARY,16.4,174,48.3,38.7,3.26,117,40.5,33.5,2.68,235,9,7,7.26,5.26,0.625,0.581,62
AISC-HSS-RECT-HSS9X9X_125,HSS-RECT,HSS9X9X.125,HSS9X9X1/8,AISC-SHAPES,16.0,14.96,US_CUSTOMARY,4.09,53.5,13.6,11.9,3.62,53.5,13.6,11.9,3.62,82,9,9,8.65,8.65,0.125,0.116,18.3
AISC-HSS-RECT-HSS9X9X_188,HSS-RECT,HSS9X9X.188,HSS9X9X3/16,AISC-SHAPES,16.0,22.18,US_CUSTOMARY,6.06,78.2,20,17.4,3.59,78.2,20,17.4,3.59,121,9,9,8.48,8.48,0.1875,0.174,27.1
AISC-HSS-RECT-HSS9X9X_250,HSS-RECT,HSS9X9X.250,HSS9X9X1/4,AISC-SHAPES,16.0,29.23,US_CUSTOMARY,8.03,102,26.2,22.7,3.56,102,26.2,22.7,3.56,159,9,9,8.3,8.3,0.25,0.233,35.8
AISC-HSS-RECT-HSS9X9X_313,HSS-RECT,HSS9X9X.313,HSS9X9X5/16,AISC-SHAPES,16.0,36.1,US_CUSTOMARY,9.92,124,32.1,27.6,3.54,124,32.1,27.6,3.54,196,9,9,8.13,8.13,0.3125,0.291,44
AISC-HSS-RECT-HSS9X9X_375,HSS-RECT,HSS9X9X.375,HSS9X9X3/8,AISC-SHAPES,16.0,42.79,US_CUSTOMARY,11.8,145,37.8,32.2,3.51,145,37.8,32.2,3.51,231,9,9,7.95,7.95,0.375,0.349,52.1
AISC-HSS-RECT-HSS9X9X_500,HSS-RECT,HSS9X9X.500,HSS9X9X1/2,AISC-SHAPES,16.0,55.66,US_CUSTOMARY,15.3,183,48.4,40.6,3.45,183,48.4,40.6,3.45,296,9,9,7.6,7.6,0.5,0.465,67.4
AISC-HSS-RECT-HSS9X9X_625,HSS-RECT,HSS9X9X.625,HSS9X9X5/8,AISC-SHAPES,16.0,67.82,US_CUSTOMARY,18.7,216,58.1,47.9,3.4,216,58.1,47.9,3.4,356,9,9,7.26,7.26,0.625,0.581,81.6
