sectionId,family,ediDesignation,manualLabel,sourceId,sourceRevision,weightPerLength,nativeUnitSystem,A,Ix,Zx,Sx,rx,Iy,Zy,Sy,ry,J,d,b,t,kdes,kdet,x,y,xp,yp,Iz,rz,Sz,Cw,ro,H,tanAlpha,Iw,zA,zB,zC,wA,wB,wC,SwA,SwB,SwC,SzA,SzB,SzC,PA,PA2,PB
AISC-L-L10X10X1,L,L10X10X1,L10X10X1,AISC-SHAPES,16.0,64.7,US_CUSTOMARY,19,177,45,24.8,3.05,177,45,24.8,3.05,6.46,10,10,1,1.8,1.8125,2.86,2.86,0.95,0.95,70.4,1.92,17.4,47.6,5.46,0.626,0.9999999999999999,284,6.72,0,6.72,3.38,4.04,3.38,42.3,,42.3,20.8,17.4,20.8,30,30,40
AISC-L-L10X10X1_1_4,L,L10X10X1-1/4,L10X10X1-1/4,AISC-SHAPES,16.0,79.9,US_CUSTOMARY,23.4,213,54.9,30.2,3.02,213,54.9,30.2,3.02,12.3,10,10,1.25,2.05,2.0625,2.95,2.95,1.17,1.17,85.4,1.91,20.5,89.4,5.39,0.628,0.9999999999999999,341,6.63,0,6.63,3.34,4.17,3.34,51.4,,51.4,25.6,20.5,25.6,30,30,40
AISC-L-L10X10X1_1_8,L,L10X10X1-1/8,L10X10X1-1/8,AISC-SHAPES,16.0,72.3,US_CUSTOMARY,21.3,196,50.2,27.6,3.03,196,50.2,27.6,3.03,9.21,10,10,1.13,1.93,1.9375,2.9,2.9,1.07,1.07,78.2,1.92,19.1,67.3,5.41,0.627,0.9999999999999999,314,6.67,0,6.67,3.37,4.1,3.37,47.1,,47.1,23.2,19.1,23.2,30,30,40
AISC-L-L10X10X1_3_8,L,L10X10X1-3/8,L10X10X1-3/8,AISC-SHAPES,16.0,87.1,US_CUSTOMARY,25.6,231,59.9,33,3,231,59.8,33,3,16.4,10,10,1.38,2.18,2.1875,3,3,1.28,1.28,93.3,1.91,22,118,5.36,0.629,0.9999999999999999,369,6.58,0,6.58,3.32,4.24,3.32,56.1,,56.1,28.1,22,28.1,30,30,40
AISC-L-L10X10X3_4,L,L10X10X3/4,L10X10X3/4,AISC-SHAPES,16.0,49.1,US_CUSTOMARY,14.5,139,34.6,19.2,3.1,139,34.6,19.2,3.1,2.8,10,10,0.75,1.55,1.5625,2.76,2.76,0.725,0.725,55.7,1.96,14.3,20.9,5.53,0.628,0.9999999999999999,222,6.81,0,6.81,3.43,3.9,3.43,32.6,,32.6,16.2,14.3,16.2,30,30,40
AISC-L-L10X10X7_8,L,L10X10X7/8,L10X10X7/8,AISC-SHAPES,16.0,56.9,US_CUSTOMARY,16.8,158,39.9,21.9,3.07,158,39.9,21.9,3.07,4.39,10,10,0.875,1.68,1.6875,2.8,2.8,0.84,0.84,62.8,1.93,15.9,32.5,5.47,0.627,0.9999999999999999,253,6.76,0,6.76,3.42,3.96,3.42,37.4,,37.4,18.4,15.9,18.4,30,30,40
AISC-L-L12X12X1,L,L12X12X1,L12X12X1,AISC-SHAPES,16.0,77.8,US_CUSTOMARY,23,315,65.9,36.5,3.7,315,65.9,36.5,3.7,7.8,12,12,1,1.71,1.6875,3.36,3.36,0.958,0.958,126,2.34,26.5,84.5,6.61,0.626,0.9999999999999999,504,8.13,0,8.13,4.09,4.75,4.09,62,,62,30.8,26.5,30.8,36,36,48
AISC-L-L12X12X1_1_4,L,L12X12X1-1/4,L12X12X1-1/4,AISC-SHAPES,16.0,96.4,US_CUSTOMARY,28.4,381,80.7,44.6,3.66,381,80.7,44.6,3.66,14.9,12,12,1.25,1.96,1.9375,3.45,3.45,1.18,1.18,152,2.31,31.1,160,6.54,0.627,0.9999999999999999,610,8.04,0,8.04,4.05,4.88,4.05,75.9,,75.9,37.5,31.1,37.5,36,36,48
AISC-L-L12X12X1_1_8,L,L12X12X1-1/8,L12X12X1-1/8,AISC-SHAPES,16.0,87.2,US_CUSTOMARY,25.8,350,73.7,40.7,3.68,350,73.7,40.7,3.68,11.1,12,12,1.13,1.84,1.8125,3.41,3.41,1.08,1.08,140,2.33,29,120,6.58,0.626,0.9999999999999999,560,8.09,0,8.09,4.06,4.82,4.06,69.2,,69.2,34.5,29,34.5,36,36,48
AISC-L-L12X12X1_3_8,L,L12X12X1-3/8,L12X12X1-3/8,AISC-SHAPES,16.0,105,US_CUSTOMARY,31.1,413,88.1,48.6,3.64,413,88.1,48.6,3.64,19.9,12,12,1.38,2.09,2.0625,3.5,3.5,1.3,1.3,165,2.3,33.3,211,6.51,0.627,0.9999999999999999,661,8,0,8,4.02,4.95,4.02,82.6,,82.6,41,33.3,41,36,36,48
AISC-L-L2X2X1_4,L,L2X2X1/4,L2X2X1/4,AISC-SHAPES,16.0,3.19,US_CUSTOMARY,0.944,0.346,0.44,0.244,0.605,0.346,0.44,0.244,0.605,0.0209,2,2,0.25,0.5,0.5,0.586,0.586,0.236,0.236,0.142,0.387,0.171,0.00572,1.08,0.63,1,0.551,1.33,0,1.33,0.674,0.829,0.674,0.414,,0.414,0.211,0.171,0.211,6,6,8
AISC-L-L2X2X1_8,L,L2X2X1/8,L2X2X1/8,AISC-SHAPES,16.0,1.65,US_CUSTOMARY,0.491,0.189,0.23,0.129,0.62,0.189,0.23,0.129,0.62,0.00293,2,2,0.125,0.375,0.375,0.534,0.534,0.123,0.123,0.0756,0.391,0.1,0.000789,1.1,0.63,1,0.303,1.37,0,1.37,0.703,0.755,0.703,0.221,,0.221,0.108,0.1,0.108,6,6,8
AISC-L-L2X2X3_16,L,L2X2X3/16,L2X2X3/16,AISC-SHAPES,16.0,2.44,US_CUSTOMARY,0.722,0.271,0.338,0.188,0.612,0.271,0.338,0.188,0.612,0.00921,2,2,0.188,0.438,0.4375,0.561,0.561,0.181,0.181,0.109,0.389,0.137,0.00254,1.09,0.63,1,0.433,1.35,0,1.35,0.687,0.793,0.687,0.321,,0.321,0.159,0.137,0.159,6,6,8
AISC-L-L2X2X3_8,L,L2X2X3/8,L2X2X3/8,AISC-SHAPES,16.0,4.7,US_CUSTOMARY,1.37,0.476,0.629,0.348,0.591,0.476,0.629,0.348,0.591,0.0658,2,2,0.375,0.625,0.625,0.632,0.632,0.343,0.343,0.203,0.386,0.227,0.0174,1.05,0.64,1,0.749,1.28,0,1.28,0.653,0.894,0.653,0.585,,0.585,0.311,0.227,0.311,6,6,8
AISC-L-L2X2X5_16,L,L2X2X5/16,L2X2X5/16,AISC-SHAPES,16.0,3.92,US_CUSTOMARY,1.16,0.414,0.537,0.298,0.598,0.414,0.537,0.298,0.598,0.0393,2,2,0.313,0.563,0.5625,0.609,0.609,0.29,0.29,0.172,0.386,0.2,0.0106,1.06,0.64,1,0.655,1.3,0,1.3,0.664,0.861,0.664,0.504,,0.504,0.259,0.2,0.259,6,6,8
AISC-L-L2_1_2X1_1_2X1_4,L,L2-1/2X1-1/2X1/4,L2-1/2X1-1/2X1/4,AISC-SHAPES,16.0,3.19,US_CUSTOMARY,0.947,0.594,0.644,0.364,0.792,0.16,0.261,0.142,0.411,0.0209,1.5,2.5,0.25,0.5,0.5,0.372,0.866,0.189,0.606,0.0977,0.321,0.12,0.00694,1.19,,0.354,0.656,1.08,0.692,1.62,0.816,0.64,0.313,0.607,0.948,0.405,0.12,0.153,0.312,6.5,5.5,8
AISC-L-L2_1_2X1_1_2X3_16,L,L2-1/2X1-1/2X3/16,L2-1/2X1-1/2X3/16,AISC-SHAPES,16.0,2.44,US_CUSTOMARY,0.724,0.464,0.497,0.28,0.801,0.126,0.198,0.11,0.418,0.00921,1.5,2.5,0.188,0.438,0.4375,0.347,0.839,0.145,0.569,0.0754,0.324,0.0906,0.00306,1.2,,0.36,0.514,1.09,0.671,1.65,0.832,0.611,0.326,0.472,0.766,0.312,0.0906,0.123,0.231,6.5,5.5,8
AISC-L-L2_1_2X2X1_4,L,L2-1/2X2X1/4,L2-1/2X2X1/4,AISC-SHAPES,16.0,3.62,US_CUSTOMARY,1.07,0.656,0.688,0.381,0.782,0.372,0.454,0.253,0.589,0.0235,2,2.5,0.25,0.5,0.5,0.532,0.779,0.214,0.36,0.192,0.423,0.213,0.00868,1.25,,0.624,0.837,1.33,0.38,1.68,0.9,0.864,0.565,0.629,2.2,0.498,0.213,0.222,0.34,7,6.5,9
AISC-L-L2_1_2X2X3_16,L,L2-1/2X2X3/16,L2-1/2X2X3/16,AISC-SHAPES,16.0,2.75,US_CUSTOMARY,0.818,0.511,0.529,0.293,0.79,0.292,0.347,0.195,0.597,0.0103,2,2.5,0.188,0.438,0.4375,0.508,0.754,0.164,0.319,0.148,0.426,0.162,0.00382,1.26,,0.628,0.654,1.35,0.367,1.7,0.911,0.832,0.58,0.484,1.78,0.385,0.162,0.178,0.255,7,6.5,9
AISC-L-L2_1_2X2X3_8,L,L2-1/2X2X3/8,L2-1/2X2X3/8,AISC-SHAPES,16.0,5.3,US_CUSTOMARY,1.55,0.914,0.982,0.546,0.766,0.513,0.657,0.361,0.574,0.0746,2,2.5,0.375,0.625,0.625,0.578,0.826,0.31,0.433,0.273,0.419,0.295,0.0268,1.22,,0.612,1.15,1.29,0.403,1.63,0.88,0.924,0.541,0.891,2.85,0.706,0.31,0.295,0.505,7,6.5,9
AISC-L-L2_1_2X2X5_16,L,L2-1/2X2X5/16,L2-1/2X2X5/16,AISC-SHAPES,16.0,4.5,US_CUSTOMARY,1.32,0.79,0.839,0.465,0.774,0.446,0.557,0.309,0.581,0.0444,2,2.5,0.313,0.563,0.5625,0.555,0.803,0.264,0.388,0.233,0.42,0.261,0.0162,1.23,,0.618,1,1.31,0.391,1.65,0.889,0.894,0.554,0.763,2.56,0.606,0.262,0.261,0.421,7,6.5,9
AISC-L-L2_1_2X2_1_2X1_2,L,L2-1/2X2-1/2X1/2,L2-1/2X2-1/2X1/2,AISC-SHAPES,16.0,7.7,US_CUSTOMARY,2.26,1.22,1.29,0.716,0.735,1.22,1.29,0.716,0.735,0.188,2.5,2.5,0.5,0.75,0.75,0.803,0.803,0.452,0.452,0.526,0.481,0.461,0.0791,1.3,0.64,1,1.92,1.59,0,1.59,0.809,1.14,0.809,1.21,,1.21,0.65,0.461,0.65,7.5,7.5,10
AISC-L-L2_1_2X2_1_2X1_4,L,L2-1/2X2-1/2X1/4,L2-1/2X2-1/2X1/4,AISC-SHAPES,16.0,4.1,US_CUSTOMARY,1.19,0.692,0.695,0.387,0.764,0.692,0.695,0.387,0.764,0.0261,2.5,2.5,0.25,0.5,0.5,0.711,0.711,0.238,0.238,0.276,0.482,0.273,0.0116,1.36,0.63,1,1.11,1.68,0,1.68,0.851,1.01,0.851,0.661,,0.661,0.324,0.273,0.324,7.5,7.5,10
AISC-L-L2_1_2X2_1_2X3_16,L,L2-1/2X2-1/2X3/16,L2-1/2X2-1/2X3/16,AISC-SHAPES,16.0,3.07,US_CUSTOMARY,0.901,0.535,0.529,0.295,0.771,0.535,0.529,0.295,0.771,0.0114,2.5,2.5,0.188,0.438,0.4375,0.687,0.687,0.18,0.18,0.209,0.482,0.215,0.0051,1.38,0.63,1,0.86,1.7,0,1.7,0.863,0.972,0.863,0.506,,0.506,0.242,0.215,0.242,7.5,7.5,10
AISC-L-L2_1_2X2_1_2X3_8,L,L2-1/2X2-1/2X3/8,L2-1/2X2-1/2X3/8,AISC-SHAPES,16.0,5.9,US_CUSTOMARY,1.73,0.972,1.01,0.558,0.749,0.972,1.01,0.558,0.749,0.0833,2.5,2.5,0.375,0.625,0.625,0.758,0.758,0.346,0.346,0.4,0.481,0.374,0.0362,1.33,0.63,1,1.54,1.64,0,1.64,0.828,1.07,0.828,0.939,,0.939,0.483,0.374,0.483,7.5,7.5,10
AISC-L-L2_1_2X2_1_2X5_16,L,L2-1/2X2-1/2X5/16,L2-1/2X2-1/2X5/16,AISC-SHAPES,16.0,5,US_CUSTOMARY,1.46,0.837,0.853,0.474,0.756,0.837,0.853,0.474,0.756,0.0495,2.5,2.5,0.313,0.563,0.5625,0.735,0.735,0.292,0.292,0.338,0.481,0.325,0.0218,1.35,0.63,1,1.34,1.66,0,1.66,0.839,1.04,0.839,0.807,,0.807,0.403,0.325,0.403,7.5,7.5,10
AISC-L-L3X2X1_2,L,L3X2X1/2,L3X2X1/2,AISC-SHAPES,16.0,7.7,US_CUSTOMARY,2.26,1.92,1.78,1,0.922,0.667,0.887,0.47,0.543,0.192,2,3,0.5,0.813,0.8125,0.58,1.08,0.377,0.74,0.409,0.425,0.411,0.0908,1.39,,0.413,2.18,1.31,0.776,1.9,0.995,0.949,0.429,1.66,2.81,1.15,0.411,0.431,0.953,8,7,10
AISC-L-L3X2X1_4,L,L3X2X1/4,L3X2X1/4,AISC-SHAPES,16.0,4.1,US_CUSTOMARY,1.2,1.09,0.969,0.541,0.953,0.39,0.463,0.258,0.569,0.027,2,3,0.25,0.563,0.5625,0.487,0.98,0.2,0.6,0.223,0.431,0.214,0.0132,1.45,,0.437,1.26,1.39,0.702,2,1.04,0.84,0.48,0.906,1.79,0.63,0.214,0.265,0.465,8,7,10
AISC-L-L3X2X3_16,L,L3X2X3/16,L3X2X3/16,AISC-SHAPES,16.0,3.07,US_CUSTOMARY,0.917,0.847,0.743,0.414,0.961,0.305,0.351,0.198,0.577,0.0119,2,3,0.188,0.5,0.5,0.462,0.952,0.153,0.555,0.173,0.435,0.163,0.00576,1.46,,0.442,0.979,1.41,0.683,2.02,1.06,0.808,0.493,0.694,1.43,0.485,0.163,0.214,0.351,8,7,10
AISC-L-L3X2X3_8,L,L3X2X3/8,L3X2X3/8,AISC-SHAPES,16.0,5.9,US_CUSTOMARY,1.75,1.54,1.39,0.779,0.937,0.539,0.679,0.368,0.555,0.0855,2,3,0.375,0.688,0.6875,0.535,1.03,0.292,0.667,0.319,0.426,0.313,0.0413,1.42,,0.426,1.76,1.35,0.739,1.95,1.02,0.895,0.45,1.3,2.38,0.903,0.313,0.356,0.709,8,7,10
AISC-L-L3X2X5_16,L,L3X2X5/16,L3X2X5/16,AISC-SHAPES,16.0,5,US_CUSTOMARY,1.48,1.32,1.19,0.662,0.945,0.467,0.572,0.314,0.562,0.051,2,3,0.313,0.625,0.625,0.511,1.01,0.247,0.632,0.271,0.428,0.263,0.0248,1.43,,0.432,1.52,1.37,0.724,1.97,1.03,0.87,0.465,1.11,2.1,0.772,0.263,0.311,0.583,8,7,10
AISC-L-L3X2_1_2X1_2,L,L3X2-1/2X1/2,L3X2-1/2X1/2,AISC-SHAPES,16.0,8.5,US_CUSTOMARY,2.5,2.07,1.86,1.03,0.91,1.29,1.34,0.736,0.718,0.213,2.5,3,0.5,0.875,0.875,0.746,0.995,0.417,0.5,0.665,0.516,0.568,0.112,1.46,,0.666,2.69,1.59,0.414,1.94,1.05,1.17,0.7,1.69,6.5,1.39,0.633,0.568,0.95,8.5,8,11
AISC-L-L3X2_1_2X1_4,L,L3X2-1/2X1/4,L3X2-1/2X1/4,AISC-SHAPES,16.0,4.5,US_CUSTOMARY,1.32,1.16,1,0.555,0.94,0.734,0.707,0.397,0.746,0.0296,2.5,3,0.25,0.625,0.625,0.653,0.9,0.22,0.36,0.355,0.52,0.329,0.0161,1.52,,0.683,1.54,1.68,0.373,2.03,1.08,1.05,0.753,0.917,4.13,0.759,0.329,0.338,0.471,8.5,8,11
AISC-L-L3X2_1_2X3_16,L,L3X2-1/2X3/16,L3X2-1/2X3/16,AISC-SHAPES,16.0,3.39,US_CUSTOMARY,1,0.899,0.761,0.423,0.947,0.568,0.536,0.303,0.753,0.013,2.5,3,0.188,0.563,0.5625,0.627,0.874,0.167,0.333,0.271,0.521,0.246,0.00705,1.54,,0.687,1.2,1.7,0.365,2.05,1.1,1.01,0.765,0.706,3.29,0.585,0.246,0.268,0.354,8.5,8,11
AISC-L-L3X2_1_2X3_8,L,L3X2-1/2X3/8,L3X2-1/2X3/8,AISC-SHAPES,16.0,6.6,US_CUSTOMARY,1.93,1.65,1.45,0.803,0.924,1.03,1.03,0.573,0.731,0.0943,2.5,3,0.375,0.75,0.75,0.701,0.949,0.322,0.427,0.514,0.517,0.463,0.0507,1.49,,0.675,2.17,1.64,0.395,1.99,1.07,1.11,0.72,1.32,5.49,1.09,0.48,0.463,0.714,8.5,8,11
AISC-L-L3X2_1_2X5_16,L,L3X2-1/2X5/16,L3X2-1/2X5/16,AISC-SHAPES,16.0,5.6,US_CUSTOMARY,1.63,1.41,1.23,0.681,0.932,0.888,0.873,0.487,0.739,0.056,2.5,3,0.313,0.688,0.6875,0.677,0.925,0.272,0.392,0.435,0.518,0.403,0.0304,1.51,,0.679,1.86,1.66,0.383,2.01,1.07,1.08,0.739,1.12,4.86,0.925,0.407,0.403,0.589,8.5,8,11
AISC-L-L3X2_1_2X7_16,L,L3X2-1/2X7/16,L3X2-1/2X7/16,AISC-SHAPES,16.0,7.6,US_CUSTOMARY,2.22,1.87,1.66,0.921,0.917,1.17,1.19,0.656,0.724,0.146,2.5,3,0.438,0.813,0.8125,0.724,0.972,0.37,0.463,0.594,0.516,0.521,0.0777,1.48,,0.671,2.45,1.62,0.403,1.97,1.05,1.14,0.712,1.51,6.08,1.24,0.566,0.521,0.834,8.5,8,11
AISC-L-L3X3X1_2,L,L3X3X1/2,L3X3X1/2,AISC-SHAPES,16.0,9.4,US_CUSTOMARY,2.76,2.2,1.91,1.06,0.895,2.2,1.91,1.06,0.895,0.23,3,3,0.5,0.875,0.875,0.929,0.929,0.46,0.46,0.922,0.58,0.704,0.144,1.59,0.63,1,3.48,1.94,0,1.94,0.984,1.31,0.984,1.79,,1.79,0.937,0.704,0.937,9,9,12
AISC-L-L3X3X1_4,L,L3X3X1/4,L3X3X1/4,AISC-SHAPES,16.0,4.9,US_CUSTOMARY,1.44,1.23,1.02,0.569,0.926,1.23,1.02,0.569,0.926,0.0313,3,3,0.25,0.625,0.625,0.836,0.836,0.24,0.24,0.49,0.585,0.415,0.0206,1.65,0.63,1,1.97,2.03,0,2.03,1.03,1.18,1.03,0.97,,0.97,0.476,0.415,0.476,9,9,12
AISC-L-L3X3X3_16,L,L3X3X3/16,L3X3X3/16,AISC-SHAPES,16.0,3.71,US_CUSTOMARY,1.09,0.948,0.774,0.433,0.933,0.948,0.774,0.433,0.933,0.0136,3,3,0.188,0.563,0.5625,0.812,0.812,0.182,0.182,0.373,0.586,0.324,0.00899,1.67,0.63,1,1.52,2.05,0,2.05,1.04,1.15,1.04,0.741,,0.741,0.359,0.324,0.359,9,9,12
AISC-L-L3X3X3_8,L,L3X3X3/8,L3X3X3/8,AISC-SHAPES,16.0,7.2,US_CUSTOMARY,2.11,1.75,1.48,0.825,0.91,1.75,1.48,0.825,0.91,0.101,3,3,0.375,0.75,0.75,0.884,0.884,0.352,0.352,0.716,0.581,0.573,0.0652,1.62,0.63,1,2.79,1.99,0,1.99,1,1.25,1,1.4,,1.4,0.716,0.573,0.716,9,9,12
AISC-L-L3X3X5_16,L,L3X3X5/16,L3X3X5/16,AISC-SHAPES,16.0,6.1,US_CUSTOMARY,1.78,1.5,1.26,0.699,0.918,1.5,1.26,0.699,0.918,0.0597,3,3,0.313,0.688,0.6875,0.86,0.86,0.297,0.297,0.606,0.583,0.497,0.039,1.64,0.63,1,2.4,2.01,0,2.01,1.02,1.22,1.02,1.19,,1.19,0.594,0.497,0.594,9,9,12
AISC-L-L3X3X7_16,L,L3X3X7/16,L3X3X7/16,AISC-SHAPES,16.0,8.3,US_CUSTOMARY,2.43,1.98,1.7,0.946,0.903,1.98,1.7,0.946,0.903,0.157,3,3,0.438,0.813,0.8125,0.907,0.907,0.405,0.405,0.817,0.58,0.638,0.1,1.6,0.63,1,3.14,1.97,0,1.97,0.993,1.28,0.993,1.59,,1.59,0.823,0.638,0.823,9,9,12
AISC-L-L3_1_2X2_1_2X1_2,L,L3-1/2X2-1/2X1/2,L3-1/2X2-1/2X1/2,AISC-SHAPES,16.0,9.4,US_CUSTOMARY,2.77,3.24,2.52,1.41,1.08,1.36,1.39,0.756,0.701,0.234,2.5,3.5,0.5,0.875,0.875,0.701,1.2,0.396,0.73,0.781,0.532,0.651,0.159,1.66,,0.485,3.82,1.64,0.774,2.27,1.2,1.15,0.598,2.33,4.94,1.68,0.651,0.679,1.31,9.5,8.5,12
AISC-L-L3_1_2X2_1_2X1_4,L,L3-1/2X2-1/2X1/4,L3-1/2X2-1/2X1/4,AISC-SHAPES,16.0,4.9,US_CUSTOMARY,1.45,1.81,1.36,0.753,1.12,0.775,0.728,0.41,0.731,0.0322,2.5,3.5,0.25,0.625,0.625,0.607,1.1,0.207,0.6,0.426,0.541,0.341,0.0225,1.72,,0.504,2.16,1.72,0.71,2.36,1.25,1.04,0.647,1.26,3.04,0.915,0.341,0.41,0.658,9.5,8.5,12
AISC-L-L3_1_2X2_1_2X3_8,L,L3-1/2X2-1/2X3/8,L3-1/2X2-1/2X3/8,AISC-SHAPES,16.0,7.2,US_CUSTOMARY,2.12,2.56,1.96,1.09,1.1,1.09,1.07,0.589,0.716,0.103,2.5,3.5,0.375,0.75,0.75,0.655,1.15,0.303,0.673,0.609,0.535,0.499,0.0714,1.69,,0.495,3.04,1.68,0.739,2.31,1.22,1.1,0.626,1.81,4.11,1.32,0.499,0.554,0.973,9.5,8.5,12
AISC-L-L3_1_2X2_1_2X5_16,L,L3-1/2X2-1/2X5/16,L3-1/2X2-1/2X5/16,AISC-SHAPES,16.0,6.1,US_CUSTOMARY,1.79,2.2,1.67,0.925,1.11,0.937,0.9,0.501,0.723,0.0611,2.5,3.5,0.313,0.688,0.6875,0.632,1.13,0.256,0.636,0.518,0.538,0.418,0.0426,1.71,,0.5,2.62,1.71,0.729,2.33,1.24,1.07,0.633,1.53,3.59,1.12,0.418,0.484,0.818,9.5,8.5,12
AISC-L-L3_1_2X3X1_2,L,L3-1/2X3X1/2,L3-1/2X3X1/2,AISC-SHAPES,16.0,10.2,US_CUSTOMARY,3.02,3.45,2.61,1.45,1.07,2.32,1.97,1.09,0.877,0.26,3,3.5,0.5,0.875,0.875,0.869,1.12,0.431,0.48,1.15,0.618,0.846,0.191,1.75,,0.713,4.62,1.95,0.407,2.3,1.23,1.36,0.878,2.37,11.4,2.01,0.935,0.846,1.31,10,9.5,13
AISC-L-L3_1_2X3X1_4,L,L3-1/2X3X1/4,L3-1/2X3X1/4,AISC-SHAPES,16.0,5.4,US_CUSTOMARY,1.58,1.92,1.39,0.773,1.1,1.3,1.04,0.585,0.908,0.036,3,3.5,0.25,0.625,0.625,0.773,1.02,0.226,0.34,0.622,0.628,0.486,0.027,1.8,,0.725,2.6,2.03,0.374,2.39,1.28,1.22,0.928,1.28,6.95,1.09,0.486,0.51,0.67,10,9.5,13
AISC-L-L3_1_2X3X3_8,L,L3-1/2X3X3/8,L3-1/2X3X3/8,AISC-SHAPES,16.0,7.9,US_CUSTOMARY,2.32,2.73,2.03,1.12,1.09,1.84,1.52,0.847,0.892,0.114,3,3.5,0.375,0.75,0.75,0.823,1.07,0.331,0.407,0.894,0.622,0.693,0.0858,1.78,,0.72,3.68,1.99,0.389,2.34,1.25,1.29,0.901,1.85,9.46,1.57,0.715,0.693,0.992,10,9.5,13
AISC-L-L3_1_2X3X5_16,L,L3-1/2X3X5/16,L3-1/2X3X5/16,AISC-SHAPES,16.0,6.6,US_CUSTOMARY,1.95,2.33,1.72,0.951,1.09,1.58,1.28,0.718,0.9,0.068,3,3.5,0.313,0.688,0.6875,0.798,1.05,0.279,0.38,0.758,0.624,0.602,0.0512,1.79,,0.722,3.15,2.01,0.383,2.36,1.26,1.26,0.916,1.57,8.22,1.33,0.602,0.602,0.828,10,9.5,13
AISC-L-L3_1_2X3X7_16,L,L3-1/2X3X7/16,L3-1/2X3X7/16,AISC-SHAPES,16.0,9.1,US_CUSTOMARY,2.67,3.1,2.32,1.29,1.08,2.09,1.75,0.971,0.885,0.178,3,3.5,0.438,0.813,0.8125,0.846,1.09,0.381,0.449,1.02,0.62,0.773,0.132,1.76,,0.717,4.16,1.96,0.393,2.32,1.24,1.32,0.894,2.12,10.6,1.79,0.823,0.773,1.14,10,9.5,13
AISC-L-L3_1_2X3_1_2X1_2,L,L3-1/2X3-1/2X1/2,L3-1/2X3-1/2X1/2,AISC-SHAPES,16.0,11.1,US_CUSTOMARY,3.25,3.63,2.66,1.48,1.05,3.63,2.66,1.48,1.05,0.281,3.5,3.5,0.5,0.875,0.875,1.05,1.05,0.464,0.464,1.51,0.679,1.02,0.238,1.87,0.63,1,5.75,2.3,0,2.3,1.17,1.48,1.17,2.5,,2.5,1.29,1.02,1.29,10.5,10.5,14
AISC-L-L3_1_2X3_1_2X1_4,L,L3-1/2X3-1/2X1/4,L3-1/2X3-1/2X1/4,AISC-SHAPES,16.0,5.8,US_CUSTOMARY,1.7,2,1.41,0.787,1.09,2,1.41,0.787,1.09,0.0386,3.5,3.5,0.25,0.625,0.625,0.954,0.954,0.243,0.243,0.802,0.688,0.594,0.0334,1.93,0.63,1,3.19,2.39,0,2.39,1.21,1.35,1.21,1.33,,1.33,0.663,0.594,0.663,10.5,10.5,14
AISC-L-L3_1_2X3_1_2X3_8,L,L3-1/2X3-1/2X3/8,L3-1/2X3-1/2X3/8,AISC-SHAPES,16.0,8.5,US_CUSTOMARY,2.5,2.86,2.06,1.15,1.07,2.86,2.06,1.15,1.07,0.123,3.5,3.5,0.375,0.75,0.75,1,1,0.357,0.357,1.17,0.683,0.83,0.106,1.9,0.63,1,4.55,2.34,0,2.34,1.19,1.41,1.19,1.94,,1.94,0.983,0.83,0.983,10.5,10.5,14
AISC-L-L3_1_2X3_1_2X5_16,L,L3-1/2X3-1/2X5/16,L3-1/2X3-1/2X5/16,AISC-SHAPES,16.0,7.2,US_CUSTOMARY,2.1,2.44,1.74,0.969,1.08,2.44,1.74,0.969,1.08,0.0731,3.5,3.5,0.313,0.688,0.6875,0.979,0.979,0.3,0.3,0.984,0.685,0.713,0.0634,1.92,0.63,1,3.89,2.36,0,2.36,1.2,1.38,1.2,1.65,,1.65,0.82,0.713,0.82,10.5,10.5,14
AISC-L-L3_1_2X3_1_2X7_16,L,L3-1/2X3-1/2X7/16,L3-1/2X3-1/2X7/16,AISC-SHAPES,16.0,9.8,US_CUSTOMARY,2.89,3.25,2.36,1.32,1.06,3.25,2.36,1.32,1.06,0.192,3.5,3.5,0.438,0.813,0.8125,1.03,1.03,0.413,0.413,1.33,0.681,0.911,0.164,1.89,0.63,1,5.16,2.32,0,2.32,1.17,1.46,1.17,2.22,,2.22,1.14,0.911,1.14,10.5,10.5,14
AISC-L-L4X3X1_2,L,L4X3X1/2,L4X3X1/2,AISC-SHAPES,16.0,11.1,US_CUSTOMARY,3.25,5.02,3.36,1.87,1.24,2.4,1.99,1.1,0.858,0.281,3,4,0.5,0.875,0.875,0.822,1.32,0.406,0.75,1.3,0.633,0.929,0.255,1.94,,0.542,6.12,1.98,0.768,2.63,1.4,1.35,0.777,3.09,7.97,2.33,0.929,0.963,1.67,11,10,14
AISC-L-L4X3X1_4,L,L4X3X1/4,L4X3X1/4,AISC-SHAPES,16.0,5.8,US_CUSTOMARY,1.69,2.75,1.77,0.988,1.27,1.33,1.03,0.585,0.887,0.0386,3,4,0.25,0.625,0.625,0.725,1.22,0.211,0.62,0.692,0.639,0.474,0.0356,1.99,,0.558,3.39,2.06,0.713,2.72,1.46,1.23,0.828,1.65,4.75,1.25,0.474,0.563,0.836,11,10,14
AISC-L-L4X3X3_8,L,L4X3X3/8,L4X3X3/8,AISC-SHAPES,16.0,8.5,US_CUSTOMARY,2.49,3.94,2.6,1.44,1.26,1.89,1.52,0.851,0.873,0.123,3,4,0.375,0.75,0.75,0.775,1.27,0.311,0.68,1,0.636,0.699,0.114,1.97,,0.551,4.82,2.02,0.739,2.68,1.43,1.29,0.801,2.39,6.52,1.8,0.699,0.775,1.25,11,10,14
AISC-L-L4X3X5_16,L,L4X3X5/16,L4X3X5/16,AISC-SHAPES,16.0,7.2,US_CUSTOMARY,2.09,3.36,2.19,1.22,1.27,1.62,1.28,0.721,0.88,0.0731,3,4,0.313,0.688,0.6875,0.75,1.25,0.261,0.656,0.849,0.638,0.59,0.0676,1.98,,0.554,4.13,2.05,0.73,2.69,1.44,1.26,0.814,2.01,5.66,1.54,0.59,0.674,1.04,11,10,14
AISC-L-L4X3X5_8,L,L4X3X5/8,L4X3X5/8,AISC-SHAPES,16.0,13.6,US_CUSTOMARY,3.99,6.01,4.08,2.28,1.23,2.85,2.45,1.34,0.845,0.529,3,4,0.625,1,1,0.867,1.37,0.499,0.808,1.59,0.631,1.13,0.472,1.91,,0.534,7.27,1.94,0.801,2.58,1.38,1.41,0.749,3.75,9.08,2.82,1.15,1.13,2.12,11,10,14
AISC-L-L4X3_1_2X1_2,L,L4X3-1/2X1/2,L4X3-1/2X1/2,AISC-SHAPES,16.0,11.9,US_CUSTOMARY,3.5,5.3,3.46,1.92,1.23,3.76,2.69,1.5,1.04,0.301,3.5,4,0.5,0.875,0.875,0.994,1.24,0.438,0.5,1.79,0.716,1.16,0.302,2.03,,0.75,7.26,2.29,0.397,2.66,1.41,1.54,1.06,3.17,18.3,2.73,1.27,1.16,1.69,11.5,11,15
AISC-L-L4X3_1_2X1_4,L,L4X3-1/2X1/4,L4X3-1/2X1/4,AISC-SHAPES,16.0,6.2,US_CUSTOMARY,1.82,2.89,1.81,1.01,1.26,2.07,1.4,0.794,1.07,0.0412,3.5,4,0.25,0.625,0.625,0.897,1.14,0.228,0.36,0.953,0.723,0.653,0.0419,2.09,,0.759,4.01,2.38,0.365,2.74,1.46,1.4,1.11,1.68,11,1.46,0.653,0.681,0.859,11.5,11,15
AISC-L-L4X3_1_2X3_8,L,L4X3-1/2X3/8,L4X3-1/2X3/8,AISC-SHAPES,16.0,9.1,US_CUSTOMARY,2.68,4.15,2.66,1.48,1.25,2.96,2.06,1.16,1.05,0.132,3.5,4,0.375,0.75,0.75,0.947,1.2,0.335,0.427,1.39,0.719,0.939,0.134,2.06,,0.755,5.73,2.35,0.387,2.69,1.43,1.48,1.08,2.44,14.8,2.13,0.972,0.939,1.29,11.5,11,15
AISC-L-L4X3_1_2X5_16,L,L4X3-1/2X5/16,L4X3-1/2X5/16,AISC-SHAPES,16.0,7.7,US_CUSTOMARY,2.25,3.53,2.24,1.25,1.25,2.52,1.74,0.98,1.06,0.0782,3.5,4,0.313,0.688,0.6875,0.923,1.17,0.281,0.4,1.16,0.721,0.806,0.0798,2.08,,0.757,4.88,2.36,0.376,2.72,1.44,1.44,1.1,2.07,13,1.79,0.806,0.806,1.05,11.5,11,15
AISC-L-L4X4X1_2,L,L4X4X1/2,L4X4X1/2,AISC-SHAPES,16.0,12.8,US_CUSTOMARY,3.75,5.52,3.5,1.96,1.21,5.52,3.5,1.96,1.21,0.322,4,4,0.5,0.875,0.875,1.18,1.18,0.469,0.469,2.25,0.776,1.35,0.366,2.16,0.63,1,8.79,2.65,0,2.65,1.34,1.67,1.34,3.32,,3.32,1.68,1.35,1.68,12,12,16
AISC-L-L4X4X1_4,L,L4X4X1/4,L4X4X1/4,AISC-SHAPES,16.0,6.6,US_CUSTOMARY,1.93,3,1.82,1.03,1.25,3,1.82,1.03,1.25,0.0438,4,4,0.25,0.625,0.625,1.08,1.08,0.241,0.241,1.19,0.783,0.778,0.0505,2.22,0.63,1,4.82,2.74,0,2.74,1.39,1.53,1.39,1.76,,1.76,0.856,0.778,0.856,12,12,16
AISC-L-L4X4X3_4,L,L4X4X3/4,L4X4X3/4,AISC-SHAPES,16.0,18.5,US_CUSTOMARY,5.44,7.62,5.02,2.79,1.18,7.62,5.02,2.79,1.18,1.02,4,4,0.75,1.13,1.125,1.27,1.27,0.68,0.68,3.25,0.774,1.81,1.12,2.1,0.64,1,12,2.56,0,2.56,1.3,1.8,1.3,4.69,,4.69,2.5,1.81,2.5,12,12,16
AISC-L-L4X4X3_8,L,L4X4X3/8,L4X4X3/8,AISC-SHAPES,16.0,9.8,US_CUSTOMARY,2.86,4.32,2.69,1.5,1.23,4.32,2.69,1.5,1.23,0.141,4,4,0.375,0.75,0.75,1.13,1.13,0.358,0.358,1.73,0.779,1.08,0.162,2.19,0.63,1,6.91,2.7,0,2.7,1.36,1.6,1.36,2.56,,2.56,1.27,1.08,1.27,12,12,16
AISC-L-L4X4X5_16,L,L4X4X5/16,L4X4X5/16,AISC-SHAPES,16.0,8.2,US_CUSTOMARY,2.4,3.67,2.26,1.27,1.24,3.67,2.26,1.27,1.24,0.0832,4,4,0.313,0.688,0.6875,1.11,1.11,0.3,0.3,1.46,0.781,0.93,0.0963,2.21,0.63,1,5.88,2.72,0,2.72,1.37,1.57,1.37,2.16,,2.16,1.07,0.93,1.07,12,12,16
AISC-L-L4X4X5_8,L,L4X4X5/8,L4X4X5/8,AISC-SHAPES,16.0,15.7,US_CUSTOMARY,4.61,6.62,4.28,2.38,1.2,6.62,4.28,2.38,1.2,0.61,4,4,0.625,1,1,1.22,1.22,0.576,0.576,2.76,0.774,1.6,0.68,2.13,0.63,1,10.5,2.61,0,2.61,1.32,1.73,1.32,4.02,,4.02,2.09,1.6,2.09,12,12,16
AISC-L-L4X4X7_16,L,L4X4X7/16,L4X4X7/16,AISC-SHAPES,16.0,11.3,US_CUSTOMARY,3.3,4.93,3.1,1.73,1.22,4.93,3.1,1.73,1.22,0.22,4,4,0.438,0.813,0.8125,1.15,1.15,0.413,0.413,1.99,0.777,1.22,0.252,2.18,0.63,1,7.86,2.67,0,2.67,1.36,1.63,1.36,2.94,,2.94,1.46,1.22,1.46,12,12,16
AISC-L-L5X3X1_2,L,L5X3X1/2,L5X3X1/2,AISC-SHAPES,16.0,12.8,US_CUSTOMARY,3.75,9.43,5.12,2.89,1.58,2.55,2.08,1.13,0.824,0.322,3,5,0.5,0.938,0.9375,0.746,1.74,0.375,1.25,1.55,0.642,0.957,0.444,2.38,,0.357,10.4,2.16,1.39,3.24,1.62,1.29,0.628,4.81,7.48,3.21,0.957,1.2,2.47,13,11,16
AISC-L-L5X3X1_4,L,L5X3X1/4,L5X3X1/4,AISC-SHAPES,16.0,6.6,US_CUSTOMARY,1.94,5.09,2.68,1.51,1.62,1.41,1.05,0.6,0.853,0.0438,3,5,0.25,0.688,0.6875,0.648,1.64,0.194,1.12,0.825,0.652,0.491,0.0606,2.43,,0.371,5.68,2.24,1.31,3.33,1.68,1.18,0.677,2.54,4.34,1.71,0.491,0.699,1.22,13,11,16
AISC-L-L5X3X3_8,L,L5X3X3/8,L5X3X3/8,AISC-SHAPES,16.0,9.8,US_CUSTOMARY,2.86,7.35,3.93,2.22,1.6,2.01,1.57,0.874,0.838,0.141,3,5,0.375,0.813,0.8125,0.698,1.69,0.286,1.19,1.2,0.646,0.727,0.196,2.41,,0.364,8.16,2.2,1.35,3.29,1.65,1.23,0.652,3.71,6.04,2.48,0.727,0.976,1.84,13,11,16
AISC-L-L5X3X5_16,L,L5X3X5/16,L5X3X5/16,AISC-SHAPES,16.0,8.2,US_CUSTOMARY,2.41,6.24,3.32,1.87,1.61,1.72,1.31,0.739,0.846,0.0832,3,5,0.313,0.75,0.75,0.673,1.67,0.241,1.14,1.01,0.649,0.608,0.116,2.42,,0.368,6.95,2.22,1.33,3.3,1.66,1.21,0.665,3.13,5.23,2.11,0.608,0.835,1.52,13,11,16
AISC-L-L5X3X7_16,L,L5X3X7/16,L5X3X7/16,AISC-SHAPES,16.0,11.3,US_CUSTOMARY,3.31,8.41,4.53,2.56,1.59,2.29,1.82,1,0.831,0.22,3,5,0.438,0.875,0.875,0.722,1.72,0.331,1.22,1.37,0.644,0.84,0.304,2.39,,0.361,9.33,2.19,1.37,3.26,1.63,1.26,0.64,4.26,6.81,2.86,0.84,1.09,2.14,13,11,16
AISC-L-L5X3_1_2X1_2,L,L5X3-1/2X1/2,L5X3-1/2X1/2,AISC-SHAPES,16.0,13.6,US_CUSTOMARY,4,10,5.33,2.97,1.58,4.02,2.79,1.55,1,0.343,3.5,5,0.5,0.938,0.9375,0.901,1.65,0.4,1,2.26,0.75,1.3,0.491,2.42,,0.479,11.8,2.38,1.1,3.3,1.74,1.52,0.854,4.96,10.7,3.58,1.3,1.49,2.65,13.5,12,17
AISC-L-L5X3_1_2X1_4,L,L5X3-1/2X1/4,L5X3-1/2X1/4,AISC-SHAPES,16.0,7,US_CUSTOMARY,2.07,5.36,2.78,1.55,1.61,2.2,1.42,0.816,1.03,0.0464,3.5,5,0.25,0.688,0.6875,0.804,1.55,0.207,0.86,1.19,0.761,0.665,0.067,2.48,,0.491,6.37,2.47,1.04,3.4,1.79,1.41,0.912,2.58,6.13,1.87,0.665,0.844,1.3,13.5,12,17
AISC-L-L5X3_1_2X3_4,L,L5X3-1/2X3/4,L5X3-1/2X3/4,AISC-SHAPES,16.0,19.8,US_CUSTOMARY,5.85,13.9,7.6,4.26,1.55,5.52,4.07,2.2,0.974,1.09,3.5,5,0.75,1.19,1.1875,0.993,1.74,0.585,1.1,3.23,0.744,1.9,1.52,2.36,,0.464,16.2,2.29,1.16,3.22,1.7,1.63,0.81,7.07,14,5.03,1.9,1.98,3.99,13.5,12,17
AISC-L-L5X3_1_2X3_8,L,L5X3-1/2X3/8,L5X3-1/2X3/8,AISC-SHAPES,16.0,10.4,US_CUSTOMARY,3.05,7.75,4.09,2.28,1.59,3.15,2.12,1.19,1.02,0.15,3.5,5,0.375,0.813,0.8125,0.854,1.6,0.305,0.933,1.73,0.755,0.983,0.217,2.45,,0.485,9.16,2.43,1.07,3.35,1.76,1.47,0.884,3.77,8.56,2.73,0.983,1.18,1.96,13.5,12,17
AISC-L-L5X3_1_2X5_16,L,L5X3-1/2X5/16,L5X3-1/2X5/16,AISC-SHAPES,16.0,8.7,US_CUSTOMARY,2.56,6.58,3.45,1.92,1.6,2.69,1.77,1.01,1.02,0.0883,3.5,5,0.313,0.75,0.75,0.829,1.57,0.256,0.904,1.47,0.758,0.826,0.128,2.47,,0.489,7.8,2.44,1.05,3.38,1.78,1.43,0.902,3.2,7.43,2.31,0.826,1.03,1.63,13.5,12,17
AISC-L-L5X3_1_2X5_8,L,L5X3-1/2X5/8,L5X3-1/2X5/8,AISC-SHAPES,16.0,16.8,US_CUSTOMARY,4.93,12,6.5,3.63,1.56,4.8,3.43,1.88,0.987,0.651,3.5,5,0.625,1.06,1.0625,0.947,1.69,0.493,1.06,2.74,0.746,1.59,0.918,2.39,,0.472,14.1,2.33,1.12,3.26,1.72,1.58,0.838,6.05,12.6,4.33,1.59,1.73,3.27,13.5,12,17
AISC-L-L5X5X1_2,L,L5X5X1/2,L5X5X1/2,AISC-SHAPES,16.0,16.2,US_CUSTOMARY,4.79,11.3,5.66,3.15,1.53,11.3,5.66,3.15,1.53,0.417,5,5,0.5,1,1,1.42,1.42,0.479,0.479,4.64,0.98,2.31,0.744,2.73,0.63,1,18,3.36,0,3.36,1.7,2.01,1.7,5.36,,5.36,2.73,2.31,2.73,15,15,20
AISC-L-L5X5X3_4,L,L5X5X3/4,L5X5X3/4,AISC-SHAPES,16.0,23.6,US_CUSTOMARY,6.98,15.7,8.14,4.52,1.5,15.7,8.14,4.52,1.5,1.33,5,5,0.75,1.25,1.25,1.52,1.52,0.698,0.698,6.55,0.972,3.05,2.32,2.67,0.63,1,24.8,3.27,0,3.27,1.65,2.15,1.65,7.58,,7.58,3.97,3.05,3.97,15,15,20
AISC-L-L5X5X3_8,L,L5X5X3/8,L5X5X3/8,AISC-SHAPES,16.0,12.3,US_CUSTOMARY,3.65,8.76,4.33,2.41,1.55,8.76,4.33,2.41,1.55,0.183,5,5,0.375,0.875,0.875,1.37,1.37,0.365,0.365,3.55,0.986,1.83,0.327,2.76,0.63,1,14,3.4,0,3.4,1.73,1.94,1.73,4.12,,4.12,2.05,1.83,2.05,15,15,20
AISC-L-L5X5X5_16,L,L5X5X5/16,L5X5X5/16,AISC-SHAPES,16.0,10.3,US_CUSTOMARY,3.07,7.44,3.65,2.04,1.56,7.44,3.65,2.04,1.56,0.108,5,5,0.313,0.813,0.8125,1.35,1.35,0.307,0.307,3,0.99,1.57,0.193,2.77,0.63,1,11.9,3.42,0,3.42,1.74,1.91,1.74,3.48,,3.48,1.72,1.57,1.72,15,15,20
AISC-L-L5X5X5_8,L,L5X5X5/8,L5X5X5/8,AISC-SHAPES,16.0,20,US_CUSTOMARY,5.9,13.6,6.93,3.85,1.52,13.6,6.93,3.85,1.52,0.792,5,5,0.625,1.13,1.125,1.47,1.47,0.59,0.59,5.62,0.975,2.7,1.4,2.7,0.63,1,21.6,3.31,0,3.31,1.68,2.08,1.68,6.53,,6.53,3.35,2.7,3.35,15,15,20
AISC-L-L5X5X7_16,L,L5X5X7/16,L5X5X7/16,AISC-SHAPES,16.0,14.3,US_CUSTOMARY,4.22,10,5,2.78,1.54,10,5,2.78,1.54,0.284,5,5,0.438,0.938,0.9375,1.4,1.4,0.422,0.422,4.04,0.983,2.04,0.508,2.74,0.63,1,15.9,3.38,0,3.38,1.71,1.98,1.71,4.7,,4.7,2.36,2.04,2.36,15,15,20
AISC-L-L5X5X7_8,L,L5X5X7/8,L5X5X7/8,AISC-SHAPES,16.0,27.2,US_CUSTOMARY,8,17.8,9.31,5.16,1.49,17.8,9.31,5.16,1.49,2.07,5,5,0.875,1.38,1.375,1.56,1.56,0.8,0.8,7.6,0.971,3.44,3.53,2.64,0.64,1,28,3.23,0,3.23,1.64,2.21,1.64,8.67,,8.67,4.63,3.44,4.63,15,15,20
AISC-L-L6X3_1_2X1_2,L,L6X3-1/2X1/2,L6X3-1/2X1/2,AISC-SHAPES,16.0,15.3,US_CUSTOMARY,4.5,16.6,7.49,4.23,1.92,4.24,2.88,1.59,0.968,0.386,3.5,6,0.5,1,1,0.829,2.07,0.375,1.5,2.59,0.756,1.34,0.779,2.88,,0.343,18.3,2.59,1.69,3.9,1.94,1.46,0.729,7.07,10.8,4.69,1.34,1.77,3.55,15.5,13,19
AISC-L-L6X3_1_2X3_8,L,L6X3-1/2X3/8,L6X3-1/2X3/8,AISC-SHAPES,16.0,11.7,US_CUSTOMARY,3.44,12.9,5.74,3.23,1.93,3.33,2.18,1.22,0.984,0.168,3.5,6,0.375,0.875,0.875,0.781,2.02,0.287,1.41,2.01,0.763,1.02,0.341,2.9,,0.349,14.2,2.62,1.65,3.95,1.97,1.4,0.748,5.42,8.61,3.59,1.02,1.44,2.69,15.5,13,19
AISC-L-L6X3_1_2X5_16,L,L6X3-1/2X5/16,L6X3-1/2X5/16,AISC-SHAPES,16.0,9.8,US_CUSTOMARY,2.89,10.9,4.84,2.72,1.94,2.84,1.82,1.03,0.991,0.099,3.5,6,0.313,0.813,0.8125,0.756,2,0.241,1.38,1.7,0.767,0.859,0.201,2.92,,0.352,12,2.65,1.64,3.97,1.98,1.38,0.764,4.53,7.32,3.02,0.859,1.23,2.23,15.5,13,19
AISC-L-L6X4X1_2,L,L6X4X1/2,L6X4X1/2,AISC-SHAPES,16.0,16.2,US_CUSTOMARY,4.75,17.3,7.71,4.31,1.91,6.22,3.69,2.06,1.14,0.407,4,6,0.5,1,1,0.981,1.98,0.396,1.25,3.54,0.864,1.72,0.843,2.91,,0.44,20,2.8,1.41,3.97,2.06,1.7,0.955,7.14,14.2,5.04,1.72,2.08,3.71,16,14,20
AISC-L-L6X4X3_4,L,L6X4X3/4,L6X4X3/4,AISC-SHAPES,16.0,23.6,US_CUSTOMARY,6.94,24.5,11.1,6.23,1.88,8.63,5.42,2.95,1.12,1.31,4,6,0.75,1.25,1.25,1.07,2.07,0.578,1.37,5.08,0.856,2.5,2.64,2.85,,0.428,28.1,2.71,1.48,3.89,2.03,1.8,0.906,10.4,19,7.22,2.5,2.82,5.61,16,14,20
AISC-L-L6X4X3_8,L,L6X4X3/8,L6X4X3/8,AISC-SHAPES,16.0,12.3,US_CUSTOMARY,3.61,13.4,5.89,3.3,1.93,4.86,2.79,1.58,1.16,0.177,4,6,0.375,0.875,0.875,0.933,1.93,0.301,1.19,2.73,0.87,1.31,0.369,2.94,,0.446,15.5,2.84,1.38,4.02,2.09,1.64,0.979,5.46,11.2,3.86,1.31,1.66,2.79,16,14,20
AISC-L-L6X4X5_16,L,L6X4X5/16,L6X4X5/16,AISC-SHAPES,16.0,10.3,US_CUSTOMARY,3.03,11.4,4.96,2.77,1.94,4.13,2.33,1.34,1.17,0.104,4,6,0.313,0.813,0.8125,0.908,1.9,0.253,1.15,2.31,0.874,1.09,0.217,2.96,,0.449,13.2,2.85,1.36,4.05,2.11,1.6,0.988,4.63,9.71,3.26,1.09,1.44,2.34,16,14,20
AISC-L-L6X4X5_8,L,L6X4X5/8,L6X4X5/8,AISC-SHAPES,16.0,20,US_CUSTOMARY,5.86,21,9.44,5.29,1.89,7.48,4.56,2.52,1.13,0.775,4,6,0.625,1.13,1.125,1.03,2.03,0.488,1.31,4.32,0.859,2.12,1.59,2.88,,0.435,24.2,2.76,1.45,3.93,2.04,1.75,0.926,8.77,16.7,6.16,2.12,2.47,4.67,16,14,20
AISC-L-L6X4X7_16,L,L6X4X7/16,L6X4X7/16,AISC-SHAPES,16.0,14.3,US_CUSTOMARY,4.18,15.4,6.81,3.81,1.92,5.56,3.24,1.83,1.15,0.276,4,6,0.438,0.938,0.9375,0.957,1.95,0.348,1.22,3.14,0.867,1.51,0.575,2.93,,0.443,17.8,2.82,1.39,4,2.08,1.67,0.97,6.31,12.8,4.45,1.51,1.88,3.24,16,14,20
AISC-L-L6X4X7_8,L,L6X4X7/8,L6X4X7/8,AISC-SHAPES,16.0,27.2,US_CUSTOMARY,8,27.7,12.7,7.13,1.86,9.7,6.26,3.37,1.1,2.03,4,6,0.875,1.38,1.375,1.12,2.12,0.667,1.43,5.82,0.854,2.91,4.04,2.82,,0.421,31.6,2.67,1.52,3.84,2,1.86,0.877,11.8,20.8,8.23,2.91,3.13,6.64,16,14,20
AISC-L-L6X4X9_16,L,L6X4X9/16,L6X4X9/16,AISC-SHAPES,16.0,18.1,US_CUSTOMARY,5.31,19.2,8.59,4.81,1.9,6.86,4.13,2.29,1.14,0.572,4,6,0.563,1.06,1.0625,1,2,0.443,1.28,3.93,0.861,1.91,1.18,2.9,,0.438,22.1,2.78,1.43,3.95,2.06,1.72,0.947,7.95,15.5,5.59,1.91,2.28,4.15,16,14,20
AISC-L-L6X6X1,L,L6X6X1,L6X6X1,AISC-SHAPES,16.0,37.4,US_CUSTOMARY,11,35.4,15.4,8.55,1.79,35.4,15.4,8.55,1.79,3.68,6,6,1,1.5,1.5,1.86,1.86,0.917,0.917,14.9,1.17,5.67,9.24,3.18,0.64,1,55.8,3.89,0,3.89,1.97,2.63,1.97,14.3,,14.3,7.56,5.67,7.56,18,18,24
AISC-L-L6X6X1_2,L,L6X6X1/2,L6X6X1/2,AISC-SHAPES,16.0,19.6,US_CUSTOMARY,5.77,19.9,8.22,4.59,1.86,19.9,8.22,4.59,1.86,0.501,6,6,0.5,1,1,1.67,1.67,0.481,0.481,8.06,1.18,3.42,1.32,3.31,0.63,1,31.8,4.07,0,4.07,2.06,2.36,2.06,7.81,,7.81,3.91,3.42,3.91,18,18,24
AISC-L-L6X6X3_4,L,L6X6X3/4,L6X6X3/4,AISC-SHAPES,16.0,28.7,US_CUSTOMARY,8.46,28.1,11.9,6.64,1.82,28.1,11.9,6.64,1.82,1.61,6,6,0.75,1.25,1.25,1.77,1.77,0.705,0.705,11.6,1.17,4.64,4.17,3.24,0.63,1,44.6,3.98,0,3.98,2,2.5,2,11.2,,11.2,5.8,4.64,5.8,18,18,24
AISC-L-L6X6X3_8,L,L6X6X3/8,L6X6X3/8,AISC-SHAPES,16.0,14.9,US_CUSTOMARY,4.38,15.4,6.27,3.51,1.87,15.4,6.27,3.51,1.87,0.218,6,6,0.375,0.875,0.875,1.62,1.62,0.365,0.365,6.21,1.19,2.71,0.575,3.34,0.63,1,24.6,4.11,0,4.11,2.08,2.29,2.08,5.99,,5.99,2.99,2.71,2.99,18,18,24
AISC-L-L6X6X5_16,L,L6X6X5/16,L6X6X5/16,AISC-SHAPES,16.0,12.4,US_CUSTOMARY,3.67,13,5.26,2.95,1.88,13,5.26,2.95,1.88,0.129,6,6,0.313,0.813,0.8125,1.6,1.6,0.306,0.306,5.2,1.19,2.3,0.338,3.35,0.63,1,20.8,4.13,0,4.13,2.09,2.26,2.09,5.04,,5.04,2.49,2.3,2.49,18,18,24
AISC-L-L6X6X5_8,L,L6X6X5/8,L6X6X5/8,AISC-SHAPES,16.0,24.2,US_CUSTOMARY,7.13,24.1,10.1,5.64,1.84,24.1,10.1,5.64,1.84,0.955,6,6,0.625,1.13,1.125,1.72,1.72,0.594,0.594,9.81,1.17,4.04,2.5,3.28,0.63,1,38.4,4.02,0,4.02,2.03,2.43,2.03,9.55,,9.55,4.83,4.04,4.83,18,18,24
AISC-L-L6X6X7_16,L,L6X6X7/16,L6X6X7/16,AISC-SHAPES,16.0,17.2,US_CUSTOMARY,5.08,17.6,7.25,4.06,1.86,17.6,7.25,4.06,1.86,0.34,6,6,0.438,0.938,0.9375,1.65,1.65,0.423,0.423,7.05,1.18,3.03,0.899,3.32,0.63,1,28.1,4.09,0,4.09,2.06,2.33,2.06,6.87,,6.87,3.42,3.03,3.42,18,18,24
AISC-L-L6X6X7_8,L,L6X6X7/8,L6X6X7/8,AISC-SHAPES,16.0,33.1,US_CUSTOMARY,9.75,31.9,13.7,7.61,1.81,31.9,13.7,7.61,1.81,2.51,6,6,0.875,1.38,1.375,1.81,1.81,0.813,0.813,13.3,1.17,5.2,6.41,3.21,0.63,1,50.5,3.93,0,3.93,1.99,2.56,1.99,12.8,,12.8,6.68,5.2,6.68,18,18,24
AISC-L-L6X6X9_16,L,L6X6X9/16,L6X6X9/16,AISC-SHAPES,16.0,21.9,US_CUSTOMARY,6.45,22,9.18,5.12,1.85,22,9.18,5.12,1.85,0.704,6,6,0.563,1.06,1.0625,1.7,1.7,0.538,0.538,8.9,1.18,3.71,1.85,3.29,0.63,1,35.1,4.04,0,4.04,2.04,2.4,2.04,8.69,,8.69,4.36,3.71,4.36,18,18,24
AISC-L-L7X4X1_2,L,L7X4X1/2,L7X4X1/2,AISC-SHAPES,16.0,17.9,US_CUSTOMARY,5.26,26.6,10.2,5.79,2.25,6.48,3.77,2.1,1.11,0.456,4,7,0.5,1,1,0.91,2.4,0.376,1.74,3.94,0.866,1.75,1.25,3.37,,0.334,29.1,3.02,1.99,4.57,2.25,1.62,0.834,9.64,14.6,6.37,1.75,2.43,4.72,18,15,22
AISC-L-L7X4X3_4,L,L7X4X3/4,L7X4X3/4,AISC-SHAPES,16.0,26.2,US_CUSTOMARY,7.74,37.8,14.8,8.39,2.21,9,5.6,3.01,1.08,1.47,4,7,0.75,1.25,1.25,1,2.5,0.553,1.84,5.63,0.855,2.56,3.97,3.31,,0.324,41.2,2.95,2.07,4.47,2.2,1.72,0.79,14,19.9,9.22,2.56,3.27,7.13,18,15,22
AISC-L-L7X4X3_8,L,L7X4X3/8,L7X4X3/8,AISC-SHAPES,16.0,13.6,US_CUSTOMARY,4,20.5,7.81,4.42,2.27,5.06,2.84,1.61,1.12,0.198,4,7,0.375,0.875,0.875,0.861,2.35,0.286,1.67,3.04,0.873,1.33,0.544,3.4,,0.339,22.5,3.06,1.95,4.62,2.28,1.57,0.859,7.35,11.5,4.87,1.33,1.94,3.54,18,15,22
AISC-L-L7X4X5_8,L,L7X4X5/8,L7X4X5/8,AISC-SHAPES,16.0,22.1,US_CUSTOMARY,6.5,32.4,12.5,7.12,2.23,7.79,4.69,2.56,1.1,0.868,4,7,0.625,1.13,1.125,0.958,2.45,0.464,1.8,4.81,0.86,2.17,2.37,3.34,,0.329,35.4,2.98,2.03,4.52,2.22,1.68,0.808,11.9,17.4,7.83,2.17,2.86,5.95,18,15,22
AISC-L-L7X4X7_16,L,L7X4X7/16,L7X4X7/16,AISC-SHAPES,16.0,15.7,US_CUSTOMARY,4.63,23.6,9.03,5.11,2.26,5.79,3.31,1.86,1.12,0.31,4,7,0.438,0.938,0.9375,0.886,2.38,0.331,1.71,3.5,0.869,1.55,0.851,3.38,,0.337,25.9,3.04,1.97,4.59,2.26,1.6,0.846,8.52,13.1,5.64,1.55,2.19,4.14,18,15,22
AISC-L-L8X4X1,L,L8X4X1,L8X4X1,AISC-SHAPES,16.0,37.4,US_CUSTOMARY,11.1,69.7,24.3,14,2.51,11.6,7.73,3.94,1.03,3.68,4,8,1,1.5,1.5,1.04,3.03,0.694,2.45,7.83,0.844,3.45,12.9,3.75,,0.247,73.4,3.17,2.69,4.95,2.27,1.74,0.667,23.2,27.3,14.8,3.45,4.5,11.7,20,16,24
AISC-L-L8X4X1_2,L,L8X4X1/2,L8X4X1/2,AISC-SHAPES,16.0,19.6,US_CUSTOMARY,5.8,38.6,13.1,7.48,2.58,6.75,3.91,2.15,1.08,0.501,4,8,0.5,1,1,0.854,2.84,0.363,2.2,4.32,0.863,1.82,1.8,3.86,,0.266,41,3.31,2.52,5.14,2.37,1.56,0.744,12.4,16.3,7.98,1.82,2.77,5.81,20,16,24
AISC-L-L8X4X3_4,L,L8X4X3/4,L8X4X3/4,AISC-SHAPES,16.0,28.7,US_CUSTOMARY,8.49,55,18.9,10.9,2.55,9.37,5.82,3.07,1.05,1.61,4,8,0.75,1.25,1.25,0.949,2.94,0.531,2.34,6.14,0.85,2.65,5.75,3.8,,0.257,58.2,3.24,2.61,5.04,2.32,1.65,0.704,18,22.3,11.5,2.65,3.72,8.72,20,16,24
AISC-L-L8X4X5_8,L,L8X4X5/8,L8X4X5/8,AISC-SHAPES,16.0,24.2,US_CUSTOMARY,7.16,47,16.1,9.2,2.56,8.11,4.86,2.62,1.06,0.955,4,8,0.625,1.13,1.125,0.902,2.89,0.448,2.27,5.24,0.856,2.24,3.42,3.83,,0.262,49.9,3.28,2.57,5.09,2.34,1.61,0.725,15.2,19.4,9.8,2.24,3.25,7.23,20,16,24
AISC-L-L8X4X7_16,L,L8X4X7/16,L8X4X7/16,AISC-SHAPES,16.0,17.2,US_CUSTOMARY,5.11,34.2,11.6,6.59,2.59,6.03,3.42,1.9,1.09,0.34,4,8,0.438,0.938,0.9375,0.829,2.81,0.319,2.16,3.84,0.867,1.61,1.22,3.87,,0.268,36.4,3.33,2.5,5.17,2.39,1.53,0.758,10.9,14.6,7.04,1.61,2.51,5.07,20,16,24
AISC-L-L8X4X7_8,L,L8X4X7/8,L8X4X7/8,AISC-SHAPES,16.0,33.1,US_CUSTOMARY,9.79,62.6,21.7,12.5,2.53,10.5,6.77,3.51,1.04,2.51,4,8,0.875,1.38,1.375,0.997,2.99,0.612,2.41,6.97,0.846,3.04,8.89,3.78,,0.252,66.1,3.21,2.66,4.99,2.29,1.7,0.681,20.6,24.8,13.2,3.04,4.1,10.2,20,16,24
AISC-L-L8X4X9_16,L,L8X4X9/16,L8X4X9/16,AISC-SHAPES,16.0,21.9,US_CUSTOMARY,6.49,42.9,14.6,8.34,2.57,7.44,4.39,2.38,1.07,0.704,4,8,0.563,1.06,1.0625,0.878,2.86,0.406,2.23,4.78,0.859,2.03,2.53,3.84,,0.264,45.6,3.29,2.54,5.12,2.36,1.58,0.736,13.9,18,8.91,2.03,3.03,6.49,20,16,24
AISC-L-L8X6X1,L,L8X6X1,L8X6X1,AISC-SHAPES,16.0,44.2,US_CUSTOMARY,13.1,80.9,27.3,15.1,2.49,38.8,16.2,8.92,1.72,4.34,6,8,1,1.5,1.5,1.65,2.65,0.819,1.45,21.3,1.28,7.61,16.3,3.88,,0.542,98.4,3.96,1.54,5.25,2.8,2.71,1.54,24.8,63.9,18.7,7.61,7.86,13.8,22,20,28
AISC-L-L8X6X1_2,L,L8X6X1/2,L8X6X1/2,AISC-SHAPES,16.0,23,US_CUSTOMARY,6.8,44.4,14.6,8.01,2.55,21.7,8.52,4.79,1.79,0.584,6,8,0.5,1,1,1.46,2.46,0.425,1.2,11.5,1.3,3.98,2.28,4.01,,0.557,54.6,4.14,1.44,5.43,2.89,2.47,1.64,13.2,37.9,10.1,3.98,4.66,7.01,22,20,28
AISC-L-L8X6X3_4,L,L8X6X3/4,L8X6X3/4,AISC-SHAPES,16.0,33.8,US_CUSTOMARY,9.99,63.5,21.1,11.7,2.52,30.8,12.5,6.92,1.75,1.9,6,8,0.75,1.25,1.25,1.56,2.55,0.624,1.34,16.6,1.29,5.85,7.28,3.95,,0.55,77.8,4.05,1.48,5.35,2.84,2.6,1.59,19.2,52.6,14.5,5.85,6.38,10.4,22,20,28
AISC-L-L8X6X5_8,L,L8X6X5/8,L8X6X5/8,AISC-SHAPES,16.0,28.5,US_CUSTOMARY,8.41,54.2,17.9,9.86,2.54,26.4,10.5,5.88,1.77,1.12,6,8,0.625,1.13,1.125,1.51,2.5,0.526,1.27,14.1,1.29,4.91,4.33,3.98,,0.554,66.5,4.09,1.45,5.39,2.87,2.53,1.62,16.3,45.9,12.3,4.91,5.57,8.7,22,20,28
AISC-L-L8X6X7_16,L,L8X6X7/16,L8X6X7/16,AISC-SHAPES,16.0,20.2,US_CUSTOMARY,5.99,39.3,12.9,7.06,2.56,19.3,7.5,4.23,1.8,0.396,6,8,0.438,0.938,0.9375,1.44,2.43,0.374,1.15,10.2,1.31,3.52,1.55,4.02,,0.559,48.4,4.16,1.42,5.46,2.9,2.44,1.65,11.6,34.1,8.86,3.52,4.18,6.18,22,20,28
AISC-L-L8X6X7_8,L,L8X6X7/8,L8X6X7/8,AISC-SHAPES,16.0,39.1,US_CUSTOMARY,11.5,72.4,24.3,13.4,2.5,34.9,14.4,7.94,1.74,2.96,6,8,0.875,1.38,1.375,1.6,2.6,0.719,1.43,18.9,1.28,6.7,11.3,3.92,,0.546,88.4,4.01,1.51,5.3,2.82,2.65,1.57,22,58.5,16.7,6.7,7.13,12,22,20,28
AISC-L-L8X6X9_16,L,L8X6X9/16,L8X6X9/16,AISC-SHAPES,16.0,25.7,US_CUSTOMARY,7.61,49.4,16.2,8.94,2.55,24.1,9.52,5.34,1.78,0.823,6,8,0.563,1.06,1.0625,1.49,2.48,0.476,1.24,12.8,1.3,4.46,3.2,3.99,,0.556,60.7,4.11,1.44,5.41,2.87,2.51,1.62,14.8,42.2,11.2,4.46,5.1,7.9,22,20,28
AISC-L-L8X8X1,L,L8X8X1,L8X8X1,AISC-SHAPES,16.0,51,US_CUSTOMARY,15.1,89.1,28.5,15.8,2.43,89.1,28.5,15.8,2.43,5.08,8,8,1,1.63,1.625,2.36,2.36,0.944,0.944,36.8,1.56,11,23.4,4.32,0.63,1,141,5.3,0,5.3,2.67,3.34,2.67,26.6,,26.6,13.8,11,13.8,24,24,32
AISC-L-L8X8X1_1_8,L,L8X8X1-1/8,L8X8X1-1/8,AISC-SHAPES,16.0,56.9,US_CUSTOMARY,16.8,98.1,31.6,17.5,2.41,98.1,31.6,17.5,2.41,7.13,8,8,1.13,1.75,1.75,2.4,2.4,1.05,1.05,40.7,1.56,12,32.5,4.29,0.63,1,155,5.26,0,5.26,2.66,3.39,2.66,29.5,,29.5,15.3,12,15.3,24,24,32
AISC-L-L8X8X1_2,L,L8X8X1/2,L8X8X1/2,AISC-SHAPES,16.0,26.4,US_CUSTOMARY,7.84,48.8,15.1,8.36,2.49,48.8,15.1,8.36,2.49,0.683,8,8,0.5,1.13,1.125,2.17,2.17,0.49,0.49,19.8,1.59,6.45,3.23,4.45,0.63,1,77.9,5.48,0,5.48,2.76,3.07,2.76,14.2,,14.2,7.17,6.45,7.17,24,24,32
AISC-L-L8X8X3_4,L,L8X8X3/4,L8X8X3/4,AISC-SHAPES,16.0,38.9,US_CUSTOMARY,11.5,69.9,22,12.2,2.46,69.9,22,12.2,2.46,2.21,8,8,0.75,1.38,1.375,2.26,2.26,0.719,0.719,28.5,1.57,8.91,10.4,4.39,0.63,1,111,5.39,0,5.39,2.73,3.2,2.73,20.6,,20.6,10.4,8.91,10.4,24,24,32
AISC-L-L8X8X5_8,L,L8X8X5/8,L8X8X5/8,AISC-SHAPES,16.0,32.7,US_CUSTOMARY,9.69,59.6,18.6,10.3,2.48,59.6,18.6,10.3,2.48,1.3,8,8,0.625,1.25,1.25,2.21,2.21,0.606,0.606,24.2,1.58,7.73,6.16,4.42,0.63,1,95,5.44,0,5.44,2.75,3.13,2.75,17.5,,17.5,8.8,7.73,8.8,24,24,32
AISC-L-L8X8X7_8,L,L8X8X7/8,L8X8X7/8,AISC-SHAPES,16.0,45,US_CUSTOMARY,13.3,79.7,25.3,14,2.45,79.7,25.3,14,2.45,3.46,8,8,0.875,1.5,1.5,2.31,2.31,0.831,0.831,32.7,1.57,10,16.1,4.36,0.63,1,127,5.35,0,5.35,2.7,3.27,2.7,23.7,,23.7,12.1,10,12.1,24,24,32
AISC-L-L8X8X9_16,L,L8X8X9/16,L8X8X9/16,AISC-SHAPES,16.0,29.6,US_CUSTOMARY,8.77,54.2,16.8,9.33,2.49,54.2,16.8,9.33,2.49,0.961,8,8,0.563,1.19,1.1875,2.19,2.19,0.548,0.548,21.9,1.58,7.06,4.55,4.43,0.63,1,86.4,5.46,0,5.46,2.76,3.1,2.76,15.8,,15.8,7.93,7.06,7.93,24,24,32
