sectionId,family,ediDesignation,manualLabel,sourceId,sourceRevision,weightPerLength,nativeUnitSystem,A,Ix,Zx,Sx,rx,Iy,Zy,Sy,ry,J,d,ddet,bf,bfdet,tw,twdet,twdet_2,tf,tfdet,kdes,kdet,k1,T,WGi,WGo,Cw,Wno,Sw1,Qf,Qw,rts,ho,PA,PB,PC,PD
AISC-S-S10X25_4,S,S10X25.4,S10X25.4,AISC-SHAPES,16.0,25.4,US_CUSTOMARY,7.45,123,28.3,24.6,4.07,6.73,4.99,2.89,0.95,0.603,10,10,4.66,4.625,0.311,0.3125,0.1875,0.491,0.5,1.13,1.125,,7.75,2.75,,152,11.1,6.34,5.08,14,1.14,9.51,31.5,36.1,24.7,29.3
AISC-S-S10X35,S,S10X35,S10X35,AISC-SHAPES,16.0,35,US_CUSTOMARY,10.3,147,35.4,29.4,3.78,8.3,6.19,3.36,0.899,1.29,10,10,4.94,5,0.594,0.625,0.3125,0.491,0.5,1.13,1.125,,7.75,2.75,,188,11.8,7.13,5.08,17.6,1.16,9.51,31.7,36.7,24.9,29.9
AISC-S-S12X31_8,S,S12X31.8,S12X31.8,AISC-SHAPES,16.0,31.8,US_CUSTOMARY,9.31,217,41.8,36.2,4.83,9.33,6.44,3.73,1,0.878,12,12,5,5,0.35,0.375,0.1875,0.544,0.5625,1.19,1.1875,,9.625,3,,306,14.3,9.74,7.24,20.8,1.21,11.5,36.3,41.3,29,34
AISC-S-S12X35,S,S12X35,S12X35,AISC-SHAPES,16.0,35,US_CUSTOMARY,10.2,228,44.6,38.1,4.72,9.84,6.8,3.88,0.98,1.05,12,12,5.08,5.125,0.428,0.4375,0.25,0.544,0.5625,1.19,1.1875,,9.625,3,,323,14.5,10,7.24,22.2,1.22,11.5,36.4,41.5,29.1,34.2
AISC-S-S12X40_8,S,S12X40.8,S12X40.8,AISC-SHAPES,16.0,40.8,US_CUSTOMARY,11.9,270,52.7,45.1,4.76,13.5,8.86,5.13,1.06,1.69,12,12,5.25,5.25,0.462,0.4375,0.25,0.659,0.6875,1.44,1.4375,,9.125,3,,433,14.9,12.9,8.95,26.2,1.3,11.3,36.6,41.9,29.3,34.5
AISC-S-S12X50,S,S12X50,S12X50,AISC-SHAPES,16.0,50,US_CUSTOMARY,14.7,303,60.9,50.6,4.55,15.6,10.3,5.69,1.03,2.77,12,12,5.48,5.5,0.687,0.6875,0.375,0.659,0.6875,1.44,1.4375,,9.125,3,,501,15.5,14,8.95,30.3,1.32,11.3,36.9,42.4,29.5,35
AISC-S-S15X42_9,S,S15X42.9,S15X42.9,AISC-SHAPES,16.0,42.9,US_CUSTOMARY,12.6,446,69.2,59.4,5.95,14.3,9.08,5.19,1.06,1.54,15,15,5.5,5.5,0.411,0.4375,0.25,0.622,0.625,1.38,1.375,,12.25,3.5,,737,19.8,16.9,11.4,34.3,1.31,14.4,43.4,48.9,35.5,41
AISC-S-S15X50,S,S15X50,S15X50,AISC-SHAPES,16.0,50,US_CUSTOMARY,14.7,485,77,64.7,5.75,15.6,10,5.53,1.03,2.12,15,15,5.64,5.625,0.55,0.5625,0.3125,0.622,0.625,1.38,1.375,,12.25,3.5,,805,20.3,17.8,11.4,38.2,1.32,14.4,43.6,49.2,35.6,41.3
AISC-S-S18X54_7,S,S18X54.7,S18X54.7,AISC-SHAPES,16.0,54.7,US_CUSTOMARY,16,801,104,89,7.07,20.7,12.1,6.91,1.14,2.33,18,18,6,6,0.461,0.4375,0.25,0.691,0.6875,1.5,1.5,,15,3.5,,1550,26,26.9,16.6,51.8,1.42,17.3,50.7,56.7,42,48
AISC-S-S18X70,S,S18X70,S18X70,AISC-SHAPES,16.0,70,US_CUSTOMARY,20.5,923,124,103,6.7,24,14.3,7.69,1.08,4.1,18,18,6.25,6.25,0.711,0.6875,0.375,0.691,0.6875,1.5,1.5,,15,3.5,,1800,27,29.2,16.6,61.9,1.42,17.3,50.9,57.2,42.3,48.5
AISC-S-S20X66,S,S20X66,S20X66,AISC-SHAPES,16.0,66,US_CUSTOMARY,19.4,1190,139,119,7.83,27.5,15.4,8.78,1.19,3.58,20,20,6.26,6.25,0.505,0.5,0.25,0.795,0.8125,1.63,1.625,,16.75,3.5,,2530,30,37.3,21.9,69.1,1.49,19.2,55.3,61.5,46.3,52.5
AISC-S-S20X75,S,S20X75,S20X75,AISC-SHAPES,16.0,75,US_CUSTOMARY,22,1280,152,128,7.62,29.5,16.7,9.25,1.16,4.59,20,20,6.39,6.375,0.635,0.625,0.3125,0.795,0.8125,1.63,1.625,,16.75,3.5,,2720,30.7,38.9,21.9,75.6,1.49,19.2,55.4,61.8,46.4,52.8
AISC-S-S20X86,S,S20X86,S20X86,AISC-SHAPES,16.0,86,US_CUSTOMARY,25.3,1570,183,155,7.89,46.6,23.1,13.2,1.36,6.65,20.3,20.25,7.06,7,0.66,0.6875,0.375,0.92,0.9375,1.75,1.75,,16.75,4,,4370,34.2,55.5,28.5,91.1,1.71,19.4,57.8,64.9,47.7,54.7
AISC-S-S20X96,S,S20X96,S20X96,AISC-SHAPES,16.0,96,US_CUSTOMARY,28.2,1670,198,165,7.71,49.9,24.9,13.9,1.33,8.4,20.3,20.25,7.2,7.25,0.8,0.8125,0.4375,0.92,0.9375,1.75,1.75,,16.75,4,,4690,34.9,57.8,28.5,98.3,1.71,19.4,57.9,65.1,47.800000000000004,55
AISC-S-S24X100,S,S24X100,S24X100,AISC-SHAPES,16.0,100,US_CUSTOMARY,29.3,2380,239,199,9.01,47.4,24,13.1,1.27,7.59,24,24,7.25,7.25,0.745,0.75,0.375,0.87,0.875,1.75,1.75,,20.5,4,,6350,41.9,66,32.7,119,1.66,23.1,65.5,72.8,55.3,62.5
AISC-S-S24X106,S,S24X106,S24X106,AISC-SHAPES,16.0,106,US_CUSTOMARY,31.1,2940,279,240,9.71,76.8,33.4,19.5,1.57,10.1,24.5,24.5,7.87,7.875,0.62,0.625,0.3125,1.09,1.0625,2,2,,20.5,4,,10500,46.1,98.8,46.2,139,1.93,23.4,68.4,76.3,56.9,64.7
AISC-S-S24X121,S,S24X121,S24X121,AISC-SHAPES,16.0,121,US_CUSTOMARY,35.5,3160,306,258,9.43,83,36.3,20.6,1.53,12.8,24.5,24.5,8.05,8,0.8,0.8125,0.4375,1.09,1.0625,2,2,,20.5,4,,11400,47.1,103,46.2,153,1.94,23.4,68.6,76.6,57.1,65.1
AISC-S-S24X80,S,S24X80,S24X80,AISC-SHAPES,16.0,80,US_CUSTOMARY,23.5,2100,204,175,9.47,42,20.8,12,1.34,4.89,24,24,7,7,0.5,0.5,0.25,0.87,0.875,1.75,1.75,,20.5,4,,5620,40.5,61.6,32.7,101,1.67,23.1,65.2,72.2,55,62
AISC-S-S24X90,S,S24X90,S24X90,AISC-SHAPES,16.0,90,US_CUSTOMARY,26.5,2250,222,187,9.21,44.7,22.4,12.5,1.3,6.05,24,24,7.13,7.125,0.625,0.625,0.3125,0.87,0.875,1.75,1.75,,20.5,4,,5980,41.2,63.8,32.7,110,1.66,23.1,65.4,72.5,55.1,62.3
AISC-S-S3X5_7,S,S3X5.7,S3X5.7,AISC-SHAPES,16.0,5.7,US_CUSTOMARY,1.66,2.5,1.94,1.67,1.23,0.447,0.656,0.383,0.518,0.0433,3,3,2.33,2.375,0.17,0.1875,0.125,0.26,0.25,0.625,0.625,,1.75,,,0.838,1.6,0.242,0.385,0.961,0.605,2.74,11.6,14,8.33,10.7
AISC-S-S3X7_5,S,S3X7.5,S3X7.5,AISC-SHAPES,16.0,7.5,US_CUSTOMARY,2.2,2.91,2.35,1.94,1.15,0.578,0.821,0.461,0.513,0.0896,3,3,2.51,2.5,0.349,0.375,0.1875,0.26,0.25,0.625,0.625,,1.75,,,1.08,1.72,0.28,0.385,1.16,0.638,2.74,11.8,14.3,8.51,11
AISC-S-S4X7_7,S,S4X7.7,S4X7.7,AISC-SHAPES,16.0,7.7,US_CUSTOMARY,2.26,6.05,3.5,3.03,1.64,0.748,0.97,0.562,0.576,0.0732,4,4,2.66,2.625,0.193,0.1875,0.125,0.293,0.3125,0.75,0.75,,2.5,,,2.57,2.47,0.481,0.671,1.73,0.676,3.71,14.4,17.1,10.7,13.3
AISC-S-S4X9_5,S,S4X9.5,S4X9.5,AISC-SHAPES,16.0,9.5,US_CUSTOMARY,2.79,6.76,4.04,3.38,1.56,0.887,1.13,0.635,0.564,0.12,4,4,2.8,2.75,0.326,0.3125,0.1875,0.293,0.3125,0.75,0.75,,2.5,,,3.05,2.59,0.531,0.671,1.99,0.698,3.71,14.5,17.3,10.8,13.6
AISC-S-S5X10,S,S5X10,S5X10,AISC-SHAPES,16.0,10,US_CUSTOMARY,2.93,12.3,5.66,4.9,2.05,1.19,1.37,0.795,0.638,0.114,5,5,3,3,0.214,0.1875,0.125,0.326,0.3125,0.75,0.75,,3.5,,,6.52,3.51,0.859,1.06,2.79,0.754,4.67,17.3,20.3,13,16
AISC-S-S6X12_5,S,S6X12.5,S6X12.5,AISC-SHAPES,16.0,12.5,US_CUSTOMARY,3.66,22,8.45,7.34,2.45,1.8,1.86,1.08,0.702,0.167,6,6,3.33,3.375,0.232,0.25,0.125,0.359,0.375,0.813,0.8125,,4.375,,,14.3,4.7,1.41,1.57,4.18,0.831,5.64,20.2,23.5,15.3,18.7
AISC-S-S6X17_25,S,S6X17.25,S6X17.25,AISC-SHAPES,16.0,17.25,US_CUSTOMARY,5.05,26.2,10.5,8.74,2.28,2.29,2.35,1.28,0.673,0.371,6,6,3.57,3.625,0.465,0.4375,0.25,0.359,0.375,0.813,0.8125,,4.375,,,18.2,5.03,1.61,1.57,5.23,0.859,5.64,20.4,24,15.6,19.1
AISC-S-S8X18_4,S,S8X18.4,S8X18.4,AISC-SHAPES,16.0,18.4,US_CUSTOMARY,5.4,57.5,16.5,14.4,3.26,3.69,3.18,1.84,0.827,0.335,8,8,4,4,0.271,0.25,0.125,0.425,0.4375,1,1,,6,2.25,,52.9,7.58,3.22,3,8.17,0.985,7.58,25.8,29.8,20,24
AISC-S-S8X23,S,S8X23,S8X23,AISC-SHAPES,16.0,23,US_CUSTOMARY,6.76,64.7,19.2,16.2,3.09,4.27,3.67,2.05,0.795,0.55,8,8,4.17,4.125,0.441,0.4375,0.25,0.425,0.4375,1,1,,6,2.25,,61.2,7.9,3.5,3,9.53,0.999,7.58,26,30.1,20.2,24.3
